<TICKER>,<PER>,<DATE>,<TIME>,<OPEN>,<HIGH>,<LOW>,<CLOSE>,<VOL>,<OPENINT>
AMC,5,20200907,090000,142.4,142.4,136,138.4,1062,0
AMC,5,20200907,090500,138.8,139.8,138.8,139.8,198,0
AMC,5,20200907,091000,139.2,139.8,139.2,139.4,85,0
AMC,5,20200907,091500,139,139.2,138.2,138.2,223,0
AMC,5,20200907,092000,138.2,138.8,137,138,302,0
AMC,5,20200907,092500,138,138.6,138,138,100,0
AMC,5,20200907,093000,138,138.4,138,138.2,235,0
AMC,5,20200907,093500,138.4,138.4,138.4,138.4,36,0
AMC,5,20200907,094000,138,138,138,138,31,0
AMC,5,20200907,094500,138.6,138.8,138,138,79,0
AMC,5,20200907,095000,138.8,138.8,138.8,138.8,11,0
AMC,5,20200907,095500,138.2,138.2,138,138,97,0
AMC,5,20200907,100000,138,138.6,138,138.6,78,0
AMC,5,20200907,100500,138,138,138,138,2,0
AMC,5,20200907,101000,138.2,138.4,138.2,138.4,137,0
AMC,5,20200907,101500,138.4,138.6,138.2,138.2,106,0
AMC,5,20200907,102000,138.2,138.2,136.8,136.8,178,0
AMC,5,20200907,102500,136.8,136.8,136.8,136.8,90,0
AMC,5,20200907,103000,137.4,137.4,137.4,137.4,12,0
AMC,5,20200907,104000,136.8,136.8,136.8,136.8,9,0
AMC,5,20200907,104500,136.8,136.8,136.2,136.2,54,0
AMC,5,20200907,105000,136.2,137,136.2,137,40,0
AMC,5,20200907,105500,136.2,137,136.2,137,119,0
AMC,5,20200907,110000,137,137.2,137,137.2,58,0
AMC,5,20200907,110500,137.2,137.2,137.2,137.2,33,0
AMC,5,20200907,111000,137.4,137.6,137,137,83,0
AMC,5,20200907,111500,137.4,137.4,137,137.4,55,0
AMC,5,20200907,112000,137.4,137.4,137,137.4,52,0
AMC,5,20200907,113000,137.2,137.2,137.2,137.2,12,0
AMC,5,20200907,113500,137,137,137,137,1,0
AMC,5,20200907,114000,137,137,137,137,10,0
AMC,5,20200907,114500,136.4,136.4,136.4,136.4,44,0
AMC,5,20200907,115000,136.4,136.4,136.4,136.4,15,0
AMC,5,20200907,120000,136.2,136.2,136.2,136.2,234,0
AMC,5,20200907,120500,136.4,137,136.4,137,142,0
AMC,5,20200907,121000,137,137,137,137,21,0
AMC,5,20200907,121500,137,137,137,137,81,0
AMC,5,20200907,122000,137.4,137.4,137.4,137.4,39,0
AMC,5,20200907,122500,137.4,137.4,137.4,137.4,12,0
AMC,5,20200907,123000,136.8,136.8,136.8,136.8,66,0
AMC,5,20200907,123500,137,137,137,137,35,0
AMC,5,20200907,124000,137,137,137,137,5,0
AMC,5,20200907,124500,137.2,137.4,137.2,137.4,79,0
AMC,5,20200907,131000,137,137,137,137,3,0
AMC,5,20200907,131500,137,137,137,137,17,0
AMC,5,20200907,132500,137.2,137.2,137.2,137.2,62,0
AMC,5,20200907,134000,137.2,137.2,137.2,137.2,58,0
AMC,5,20200907,134500,137,137,137,137,98,0
AMC,5,20200907,135500,136.6,136.6,136.6,136.6,80,0
AMC,5,20200907,140000,136.6,136.6,136.4,136.4,34,0
AMC,5,20200907,140500,136.4,137.2,136.4,137.2,87,0
AMC,5,20200907,143500,136.8,136.8,136.8,136.8,10,0
AMC,5,20200907,144000,136.6,136.8,136.4,136.8,114,0
AMC,5,20200907,144500,136.6,136.6,136.6,136.6,30,0
AMC,5,20200907,145500,136.6,136.8,136.2,136.2,51,0
AMC,5,20200907,151000,136.8,136.8,136.6,136.6,31,0
AMC,5,20200907,152500,136.6,136.6,136.4,136.4,61,0
AMC,5,20200907,153000,136.4,136.4,136.4,136.4,35,0
AMC,5,20200907,154500,136.4,136.6,136.4,136.6,53,0
AMC,5,20200907,155000,136.2,136.2,136,136,241,0
AMC,5,20200907,160000,136.6,136.6,136.6,136.6,6,0
AMC,5,20200907,161000,136.6,136.6,136.6,136.6,100,0
AMC,5,20200907,162000,137,137,137,137,3,0
AMC,5,20200907,163000,136.2,136.2,136.2,136.2,47,0
AMC,5,20200907,163500,137,137,137,137,17,0
AMC,5,20200907,164000,137,137,137,137,17,0
AMC,5,20200907,164500,136.8,136.8,136.4,136.4,94,0
AMC,5,20200908,090000,135,135,127.2,133.6,1037,0
AMC,5,20200908,090500,133.8,133.8,132.4,133.8,238,0
AMC,5,20200908,091000,134,134,134,134,14,0
AMC,5,20200908,091500,133.2,133.2,132.2,132.2,92,0
AMC,5,20200908,092000,132.6,132.6,132,132,123,0
AMC,5,20200908,092500,131.2,131.2,129.4,129.4,324,0
AMC,5,20200908,093000,129.2,131,129.2,131,106,0
AMC,5,20200908,093500,131,131,131,131,23,0
AMC,5,20200908,094000,130.4,130.6,130,130,48,0
AMC,5,20200908,094500,130,130.4,130,130,69,0
AMC,5,20200908,095000,130,132,130,132,340,0
AMC,5,20200908,095500,132,132.2,131,132,336,0
AMC,5,20200908,100000,131.8,132.4,131.8,132.4,127,0
AMC,5,20200908,100500,132.2,132.6,132.2,132.6,27,0
AMC,5,20200908,101000,132.8,133.8,132.8,133.8,103,0
AMC,5,20200908,101500,133.8,134,133.6,134,182,0
AMC,5,20200908,102500,133.2,134,133.2,134,158,0
AMC,5,20200908,103000,134.2,135,134.2,135,72,0
AMC,5,20200908,103500,135,136.4,133.6,133.6,81,0
AMC,5,20200908,104000,134.4,134.4,134,134,19,0
AMC,5,20200908,104500,134.8,134.8,134.8,134.8,3,0
AMC,5,20200908,105500,134.8,135,134,134,129,0
AMC,5,20200908,110000,134.2,134.2,134.2,134.2,11,0
AMC,5,20200908,111500,136,136,136,136,17,0
AMC,5,20200908,112000,135.2,135.2,135.2,135.2,15,0
AMC,5,20200908,112500,135.4,136.4,135.4,136.4,20,0
AMC,5,20200908,113000,136.8,136.8,136.8,136.8,23,0
AMC,5,20200908,113500,136.2,136.2,135.8,135.8,100,0
AMC,5,20200908,114000,136,138,136,138,87,0
AMC,5,20200908,114500,137.4,137.4,137.4,137.4,12,0
AMC,5,20200908,115500,138,138,136.8,136.8,150,0
AMC,5,20200908,120500,137,137,137,137,59,0
AMC,5,20200908,121000,138.6,138.6,138.6,138.6,20,0
AMC,5,20200908,121500,138,138,137.4,137.4,64,0
AMC,5,20200908,122000,136.8,138.6,136.4,138.6,75,0
AMC,5,20200908,122500,136.8,136.8,136.6,136.6,100,0
AMC,5,20200908,123000,136.6,136.6,136.6,136.6,25,0
AMC,5,20200908,123500,136.6,136.6,136.2,136.2,152,0
AMC,5,20200908,124000,136.2,136.2,135.8,135.8,322,0
AMC,5,20200908,124500,135.4,135.4,135.4,135.4,10,0
AMC,5,20200908,125000,135.4,135.4,134.2,134.2,83,0
AMC,5,20200908,125500,134.2,135.2,134,135.2,28,0
AMC,5,20200908,130500,134.6,134.6,134.6,134.6,44,0
AMC,5,20200908,131000,134.6,134.6,134.6,134.6,21,0
AMC,5,20200908,132500,134.8,134.8,134.8,134.8,19,0
AMC,5,20200908,133000,134.4,134.4,134.4,134.4,25,0
AMC,5,20200908,133500,134.2,134.2,132.2,132.6,249,0
AMC,5,20200908,134000,133.2,133.6,133,133.6,83,0
AMC,5,20200908,135000,133.6,134,133.6,134,34,0
AMC,5,20200908,140000,134.4,134.4,134.4,134.4,13,0
AMC,5,20200908,140500,134.4,134.4,132,132,585,0
AMC,5,20200908,141000,134,134,134,134,25,0
AMC,5,20200908,141500,133,133,133,133,30,0
AMC,5,20200908,142000,133,133,133,133,65,0
AMC,5,20200908,142500,133.6,133.6,133.6,133.6,42,0
AMC,5,20200908,143000,134,134,133.4,133.4,36,0
AMC,5,20200908,143500,133.4,133.4,133.4,133.4,14,0
AMC,5,20200908,145500,132.8,133,132.8,132.8,57,0
AMC,5,20200908,150000,132.8,133,131.6,131.6,237,0
AMC,5,20200908,150500,132,132,131.6,131.6,81,0
AMC,5,20200908,151000,131.6,131.6,131.6,131.6,12,0
AMC,5,20200908,151500,131.2,131.6,131.2,131.6,52,0
AMC,5,20200908,152000,131.2,131.2,131.2,131.2,13,0
AMC,5,20200908,152500,131.2,131.2,131.2,131.2,47,0
AMC,5,20200908,153000,131.2,131.2,130,130,154,0
AMC,5,20200908,153500,131,131,131,131,4,0
AMC,5,20200908,154000,130.2,130.2,130.2,130.2,10,0
AMC,5,20200908,154500,130,130,130,130,13,0
AMC,5,20200908,155000,130,130,130,130,15,0
AMC,5,20200908,155500,130,130,129.8,129.8,85,0
AMC,5,20200908,160000,130,130.2,130,130.2,50,0
AMC,5,20200908,161000,131,131,130.2,131,164,0
AMC,5,20200908,161500,130.6,130.6,130.6,130.6,26,0
AMC,5,20200908,162500,131.4,131.4,131.4,131.4,20,0
AMC,5,20200908,163000,131.4,131.4,131.4,131.4,47,0
AMC,5,20200908,163500,131.4,131.4,131.4,131.4,14,0
AMC,5,20200908,164000,131.4,131.4,131,131,41,0
AMC,5,20200908,164500,131,132,131,132,46,0
AMC,5,20200909,090000,131.4,131.4,130,130,292,0
AMC,5,20200909,090500,132,132.8,132,132.8,175,0
AMC,5,20200909,091000,134.6,134.6,134.6,134.6,10,0
AMC,5,20200909,091500,134.6,134.6,134.6,134.6,6,0
AMC,5,20200909,092000,134.6,135.2,134.6,135.2,86,0
AMC,5,20200909,093000,135.2,135.8,135.2,135.8,100,0
AMC,5,20200909,093500,135.4,135.4,135.4,135.4,6,0
AMC,5,20200909,094000,135.4,135.4,135.4,135.4,24,0
AMC,5,20200909,101500,136,136.4,136,136,49,0
AMC,5,20200909,102000,136,136,136,136,22,0
AMC,5,20200909,102500,136.4,136.4,136,136.4,54,0
AMC,5,20200909,103000,136.4,136.4,136.4,136.4,11,0
AMC,5,20200909,103500,136.4,136.6,136.4,136.6,21,0
AMC,5,20200909,104000,136.6,136.6,136.6,136.6,73,0
AMC,5,20200909,104500,136,136,136,136,17,0
AMC,5,20200909,105000,136.4,136.4,136,136,11,0
AMC,5,20200909,105500,136.2,136.2,136,136,33,0
AMC,5,20200909,111000,136,136,136,136,10,0
AMC,5,20200909,112000,135.4,135.4,135.4,135.4,56,0
AMC,5,20200909,112500,135.4,135.4,135.4,135.4,33,0
AMC,5,20200909,113000,135.4,135.4,135.4,135.4,18,0
AMC,5,20200909,114000,135.4,135.4,135.2,135.2,20,0
AMC,5,20200909,115500,135.4,136,135.2,136,45,0
AMC,5,20200909,120500,136,136,136,136,150,0
AMC,5,20200909,121000,136,136,136,136,52,0
AMC,5,20200909,130000,135.2,135.2,135.2,135.2,12,0
AMC,5,20200909,131000,135.2,135.2,135.2,135.2,80,0
AMC,5,20200909,131500,135.2,135.2,135.2,135.2,50,0
AMC,5,20200909,132000,136,136,136,136,3,0
AMC,5,20200909,132500,136,136,136,136,8,0
AMC,5,20200909,133000,136,136,136,136,10,0
AMC,5,20200909,134000,135.8,135.8,135.8,135.8,18,0
AMC,5,20200909,134500,136,136.8,136,136.8,111,0
AMC,5,20200909,135500,137,137,137,137,7,0
AMC,5,20200909,144000,136,136,136,136,8,0
AMC,5,20200909,150500,136.8,136.8,136.8,136.8,4,0
AMC,5,20200909,151000,136.8,136.8,136.8,136.8,25,0
AMC,5,20200909,152500,136.8,136.8,136.8,136.8,11,0
AMC,5,20200909,153500,136.8,136.8,136.8,136.8,15,0
AMC,5,20200909,154000,136.8,136.8,136.8,136.8,9,0
AMC,5,20200909,160000,137,137,137,137,10,0
AMC,5,20200909,160500,137,137,137,137,50,0
AMC,5,20200909,161000,138,138,138,138,21,0
AMC,5,20200909,161500,138.8,138.8,138.8,138.8,4,0
AMC,5,20200909,162000,138.8,138.8,138.8,138.8,3,0
AMC,5,20200909,162500,138.8,139,138.8,138.8,51,0
AMC,5,20200909,163000,139,139,139,139,116,0
AMC,5,20200909,163500,138.2,138.2,138.2,138.2,6,0
AMC,5,20200909,164000,138.2,138.2,138.2,138.2,33,0
AMC,5,20200909,164500,138.2,139,138.2,139,114,0
AMC,5,20200910,090000,139,139,139,139,232,0
AMC,5,20200910,090500,139,139,139,139,20,0
AMC,5,20200910,092000,139,139,139,139,1,0
AMC,5,20200910,092500,138.4,138.4,138.4,138.4,30,0
AMC,5,20200910,093000,139,139,138.6,138.6,74,0
AMC,5,20200910,093500,138.6,139,138.2,139,107,0
AMC,5,20200910,095000,139,139,139,139,17,0
AMC,5,20200910,095500,138.2,138.2,138,138,210,0
AMC,5,20200910,101000,137.6,137.6,137.6,137.6,101,0
AMC,5,20200910,101500,137.4,137.4,137.4,137.4,56,0
AMC,5,20200910,102000,137.4,137.4,137.4,137.4,56,0
AMC,5,20200910,102500,137.4,137.4,137.4,137.4,30,0
AMC,5,20200910,104500,137.4,137.4,137.4,137.4,4,0
AMC,5,20200910,111000,137.4,137.4,137.4,137.4,5,0
AMC,5,20200910,112500,138.2,138.2,138.2,138.2,13,0
AMC,5,20200910,113500,138.2,138.2,138.2,138.2,16,0
AMC,5,20200910,114500,138.2,138.2,138.2,138.2,20,0
AMC,5,20200910,124500,138,138.2,138,138.2,70,0
AMC,5,20200910,125500,138.2,138.2,137.2,137.2,25,0
AMC,5,20200910,132500,137,138,137,138,145,0
AMC,5,20200910,134000,138,138,138,138,10,0
AMC,5,20200910,145000,138.4,138.4,138.4,138.4,9,0
AMC,5,20200910,152000,138,138,138,138,31,0
AMC,5,20200910,152500,138,138,138,138,2,0
AMC,5,20200910,162500,137.6,137.6,137.6,137.6,19,0
AMC,5,20200910,164500,137.6,138,137.6,138,122,0
AMC,5,20200911,090000,139,139,139,139,197,0
AMC,5,20200911,090500,139,139,139,139,8,0
AMC,5,20200911,091500,138.6,138.6,138.6,138.6,18,0
AMC,5,20200911,093000,139,139.6,139,139.6,191,0
AMC,5,20200911,094500,139.8,140,139.8,140,72,0
AMC,5,20200911,095000,140,140,140,140,36,0
AMC,5,20200911,101500,140.8,140.8,140.8,140.8,10,0
AMC,5,20200911,102500,140.8,140.8,140.8,140.8,5,0
AMC,5,20200911,103000,141,141,140.8,140.8,91,0
AMC,5,20200911,103500,141,141,141,141,10,0
AMC,5,20200911,104000,141,141,141,141,90,0
AMC,5,20200911,105000,141.4,141.4,141.4,141.4,10,0
AMC,5,20200911,112000,141.8,142,141.4,142,47,0
AMC,5,20200911,113000,143.4,143.6,142,142,83,0
AMC,5,20200911,113500,142,143,142,143,110,0
AMC,5,20200911,114500,142.6,142.6,141.8,141.8,90,0
AMC,5,20200911,121000,142,142,142,142,6,0
AMC,5,20200911,121500,142,142.2,141.6,142.2,76,0
AMC,5,20200911,123500,142.6,142.6,142.6,142.6,3,0
AMC,5,20200911,124500,142.8,142.8,142.8,142.8,42,0
AMC,5,20200911,130000,142.6,143,142.6,143,73,0
AMC,5,20200911,131000,143,143.6,143,143.6,67,0
AMC,5,20200911,131500,143,143,143,143,10,0
AMC,5,20200911,133500,143.6,143.8,143.6,143.8,43,0
AMC,5,20200911,134000,143,143,143,143,100,0
AMC,5,20200911,151500,143.8,144,143.8,144,168,0
AMC,5,20200911,152000,144.2,144.2,144.2,144.2,48,0
AMC,5,20200911,152500,144.2,144.4,144.2,144.4,8,0
AMC,5,20200911,153000,144.4,144.4,144.2,144.4,98,0
AMC,5,20200911,155500,144.6,144.6,144.6,144.6,49,0
AMC,5,20200911,160000,144.4,144.4,144.4,144.4,40,0
AMC,5,20200911,161000,144.6,144.6,144.6,144.6,15,0
AMC,5,20200911,162000,144.8,144.8,144.8,144.8,22,0
AMC,5,20200911,162500,144.8,145,144.6,145,140,0
AMC,5,20200911,163000,145,145,144.2,145,104,0
AMC,5,20200911,163500,144.4,144.4,144.4,144.4,24,0
AMC,5,20200911,164000,145,145,144.6,144.6,92,0
AMC,5,20200911,164500,145,145,144.6,144.6,85,0
AMC,5,20200914,090000,148,148,148,148,116,0
AMC,5,20200914,090500,146,146,146,146,62,0
AMC,5,20200914,091000,147.4,147.4,147.4,147.4,18,0
AMC,5,20200914,091500,147.8,147.8,147.8,147.8,5,0
AMC,5,20200914,092000,147.8,147.8,147.8,147.8,7,0
AMC,5,20200914,092500,147.8,147.8,147.8,147.8,3,0
AMC,5,20200914,093000,147.8,147.8,147.8,147.8,72,0
AMC,5,20200914,093500,147,147,147,147,46,0
AMC,5,20200914,094000,146.6,146.6,146.2,146.2,54,0
AMC,5,20200914,094500,146.2,148,146.2,148,203,0
AMC,5,20200914,095000,148,148,148,148,47,0
AMC,5,20200914,095500,148,148,148,148,171,0
AMC,5,20200914,100500,148.6,148.6,148,148,106,0
AMC,5,20200914,101500,148.8,148.8,148.8,148.8,7,0
AMC,5,20200914,102500,148,148.4,148,148.4,30,0
AMC,5,20200914,103500,148.4,149.2,148.4,149.2,204,0
AMC,5,20200914,104000,149.6,149.6,149.6,149.6,82,0
AMC,5,20200914,104500,149.6,151.4,149.6,151.4,415,0
AMC,5,20200914,105500,150,150,150,150,366,0
AMC,5,20200914,110000,150,150,149.8,149.8,90,0
AMC,5,20200914,110500,150.2,150.2,150.2,150.2,15,0
AMC,5,20200914,112000,150,150.6,148.6,149,203,0
AMC,5,20200914,112500,148.8,148.8,148.6,148.6,67,0
AMC,5,20200914,113000,148.4,148.4,148.2,148.2,31,0
AMC,5,20200914,113500,148.8,149,148.8,149,27,0
AMC,5,20200914,115000,149,149,149,149,40,0
AMC,5,20200914,122500,149,149,149,149,2,0
AMC,5,20200914,123000,148.2,148.2,148.2,148.2,10,0
AMC,5,20200914,123500,148.8,148.8,148.8,148.8,5,0
AMC,5,20200914,124000,148.6,148.6,148.6,148.6,26,0
AMC,5,20200914,125000,148.2,148.2,148.2,148.2,46,0
AMC,5,20200914,130500,148,148,148,148,26,0
AMC,5,20200914,131000,148.2,148.2,148.2,148.2,9,0
AMC,5,20200914,133500,147.8,147.8,147.8,147.8,2,0
AMC,5,20200914,135000,148,148,148,148,10,0
AMC,5,20200914,141000,148.2,148.8,148.2,148.6,148,0
AMC,5,20200914,143000,148,148,147.8,147.8,50,0
AMC,5,20200914,145500,147.8,147.8,147.8,147.8,44,0
AMC,5,20200914,151500,147.6,147.6,147.6,147.6,7,0
AMC,5,20200914,153000,147.4,147.4,147.4,147.4,13,0
AMC,5,20200914,154000,147.2,147.2,147.2,147.2,29,0
AMC,5,20200914,154500,147.4,147.4,147.4,147.4,1,0
AMC,5,20200914,161000,147.4,147.4,147.4,147.4,15,0
AMC,5,20200914,161500,147.4,147.4,147.2,147.2,7,0
AMC,5,20200914,162500,147.2,147.2,147.2,147.2,50,0
AMC,5,20200914,163000,147.6,147.6,147.6,147.6,13,0
AMC,5,20200914,164000,146.6,146.6,146.6,146.6,69,0
AMC,5,20200914,164500,147.4,147.4,146.4,146.4,12,0
AMC,5,20200915,090000,146.2,146.2,146.2,146.2,194,0
AMC,5,20200915,091000,146,146,146,146,60,0
AMC,5,20200915,094500,146,146.8,146,146,132,0
AMC,5,20200915,095000,146,146,146,146,7,0
AMC,5,20200915,100000,144.4,144.4,144.2,144.2,108,0
AMC,5,20200915,101500,143.8,143.8,142.4,142.6,354,0
AMC,5,20200915,102500,142.6,142.6,142.6,142.6,1,0
AMC,5,20200915,104000,143.2,143.2,143,143.2,144,0
AMC,5,20200915,114500,143.2,143.2,143.2,143.2,40,0
AMC,5,20200915,130500,143.8,144,143.8,144,93,0
AMC,5,20200915,131000,143.2,145.2,143.2,144.4,31,0
AMC,5,20200915,141000,144.2,144.2,144,144,19,0
AMC,5,20200915,150500,144.4,144.4,144.4,144.4,3,0
AMC,5,20200915,151500,144.4,144.6,144.2,144.2,39,0
AMC,5,20200915,160500,145,145,145,145,10,0
AMC,5,20200915,161000,144,144,144,144,27,0
AMC,5,20200915,164500,144,144.6,143.4,143.8,135,0
AMC,5,20200916,090000,146,146,142.6,142.6,61,0
AMC,5,20200916,090500,143.8,143.8,143.8,143.8,5,0
AMC,5,20200916,091000,143.8,143.8,143.8,143.8,19,0
AMC,5,20200916,092000,142.8,142.8,142.4,142.4,47,0
AMC,5,20200916,092500,142.4,142.4,141.8,142,237,0
AMC,5,20200916,093000,141.8,142,141.8,142,25,0
AMC,5,20200916,093500,142,142,142,142,56,0
AMC,5,20200916,095000,142,142,141.6,141.6,275,0
AMC,5,20200916,095500,141.8,141.8,141.8,141.8,10,0
AMC,5,20200916,100000,141.6,141.8,141.6,141.8,42,0
AMC,5,20200916,100500,141.6,141.8,141.6,141.8,240,0
AMC,5,20200916,101000,141.6,141.6,141.6,141.6,26,0
AMC,5,20200916,101500,141.6,141.6,141.6,141.6,70,0
AMC,5,20200916,102000,141.6,141.6,141.6,141.6,2,0
AMC,5,20200916,104000,141.6,141.6,141.6,141.6,12,0
AMC,5,20200916,104500,140.4,140.4,140.2,140.2,49,0
AMC,5,20200916,105000,140.4,140.4,140.4,140.4,40,0
AMC,5,20200916,105500,141,141,141,141,12,0
AMC,5,20200916,110000,140.8,140.8,140.8,140.8,13,0
AMC,5,20200916,112000,140.8,140.8,140.8,140.8,7,0
AMC,5,20200916,112500,141,141,141,141,21,0
AMC,5,20200916,113000,141,141,141,141,100,0
AMC,5,20200916,113500,141,141,141,141,1,0
AMC,5,20200916,114000,141,141,141,141,4,0
AMC,5,20200916,114500,140.8,141,140.8,141,17,0
AMC,5,20200916,115500,141,141,141,141,5,0
AMC,5,20200916,120000,140.8,140.8,140.8,140.8,15,0
AMC,5,20200916,121000,141,141,141,141,195,0
AMC,5,20200916,122500,141.6,141.6,141.6,141.6,12,0
AMC,5,20200916,123000,141.2,141.2,141.2,141.2,33,0
AMC,5,20200916,123500,141.4,141.4,141.4,141.4,22,0
AMC,5,20200916,124500,141,141,141,141,35,0
AMC,5,20200916,131000,141.4,141.4,141.4,141.4,47,0
AMC,5,20200916,133000,141.2,141.2,141.2,141.2,15,0
AMC,5,20200916,134500,141,141,140.6,140.6,29,0
AMC,5,20200916,135000,140.6,140.6,140.6,140.6,12,0
AMC,5,20200916,140000,140.6,140.6,140.6,140.6,5,0
AMC,5,20200916,140500,140.6,140.6,140.6,140.6,20,0
AMC,5,20200916,141000,140.6,140.6,140.6,140.6,14,0
AMC,5,20200916,142000,140.2,140.2,140,140,74,0
AMC,5,20200916,143000,139.8,139.8,139.8,139.8,8,0
AMC,5,20200916,144500,140.2,140.2,139.8,139.8,125,0
AMC,5,20200916,150000,139.6,139.6,139.6,139.6,12,0
AMC,5,20200916,152000,139.6,139.6,139.6,139.6,12,0
AMC,5,20200916,154000,139.6,139.6,139.6,139.6,12,0
AMC,5,20200916,160500,139.6,139.8,139.6,139.8,93,0
AMC,5,20200916,161000,139.6,139.6,139.6,139.6,8,0
AMC,5,20200916,162000,139.6,139.6,139.6,139.6,42,0
AMC,5,20200916,163000,139.6,139.6,139.6,139.6,34,0
AMC,5,20200916,163500,139.6,139.6,139.6,139.6,18,0
AMC,5,20200916,164000,139.6,139.6,139.6,139.6,8,0
AMC,5,20200916,164500,139.6,139.8,139.6,139.8,85,0
AMC,5,20200917,090000,139,139,139,139,159,0
AMC,5,20200917,090500,139,139,138.8,138.8,148,0
AMC,5,20200917,091000,138.8,138.8,138.2,138.2,28,0
AMC,5,20200917,093500,138.6,138.6,138.6,138.6,23,0
AMC,5,20200917,094000,139,139,139,139,20,0
AMC,5,20200917,102000,139,139,139,139,5,0
AMC,5,20200917,103000,138.8,138.8,138.8,138.8,5,0
AMC,5,20200917,104500,139,139,139,139,8,0
AMC,5,20200917,110500,139,139,139,139,3,0
AMC,5,20200917,111000,139,139,139,139,10,0
AMC,5,20200917,112500,139,139,139,139,55,0
AMC,5,20200917,114500,139,139,139,139,34,0
AMC,5,20200917,120000,139,139,139,139,8,0
AMC,5,20200917,121500,139,139,139,139,33,0
AMC,5,20200917,124000,139,139,139,139,16,0
AMC,5,20200917,132000,138.8,138.8,138.8,138.8,14,0
AMC,5,20200917,134500,138.8,138.8,138.8,138.8,8,0
AMC,5,20200917,135500,138.8,138.8,138.8,138.8,47,0
AMC,5,20200917,141000,138.6,138.6,138.4,138.4,85,0
AMC,5,20200917,142500,138.8,138.8,138.8,138.8,35,0
AMC,5,20200917,143500,138.8,138.8,138.8,138.8,1,0
AMC,5,20200917,145000,138.8,138.8,138.8,138.8,17,0
AMC,5,20200917,152000,139,139.2,138.8,139.2,205,0
AMC,5,20200917,153000,139,139,139,139,7,0
AMC,5,20200917,154500,139,139,139,139,23,0
AMC,5,20200917,163000,139,139,138.8,138.8,206,0
AMC,5,20200917,164500,138.8,138.8,138.8,138.8,99,0
AMC,5,20200918,090000,140,143.8,140,143.8,324,0
AMC,5,20200918,091000,143.6,143.6,143.6,143.6,23,0
AMC,5,20200918,092000,143,143.6,143,143.6,48,0
AMC,5,20200918,092500,143.6,143.6,143.6,143.6,21,0
AMC,5,20200918,093000,143.8,144,143.8,144,82,0
AMC,5,20200918,093500,143,143.8,143,143.8,10,0
AMC,5,20200918,094000,142.6,142.6,142.6,142.6,20,0
AMC,5,20200918,100000,143.6,143.6,143.6,143.6,12,0
AMC,5,20200918,100500,143,143,142.6,142.6,20,0
AMC,5,20200918,101500,143,143,143,143,12,0
AMC,5,20200918,102500,142.4,142.4,142.4,142.4,20,0
AMC,5,20200918,104000,143,143,143,143,77,0
AMC,5,20200918,105000,142.4,142.4,142.4,142.4,42,0
AMC,5,20200918,110000,143.4,143.4,143.4,143.4,161,0
AMC,5,20200918,110500,143.4,144,143.4,144,32,0
AMC,5,20200918,111000,143.6,143.6,143.6,143.6,5,0
AMC,5,20200918,112000,144.2,144.2,144.2,144.2,39,0
AMC,5,20200918,112500,144.2,144.2,144.2,144.2,10,0
AMC,5,20200918,113000,144.2,144.6,144.2,144.6,106,0
AMC,5,20200918,113500,144.6,146,144.6,146,29,0
AMC,5,20200918,114000,146,146,146,146,10,0
AMC,5,20200918,114500,146,146.8,146,146.8,7,0
AMC,5,20200918,115000,145,145,145,145,50,0
AMC,5,20200918,115500,146.6,146.6,146.6,146.6,10,0
AMC,5,20200918,120000,146.4,146.4,146.4,146.4,105,0
AMC,5,20200918,120500,146.4,146.4,146.4,146.4,12,0
AMC,5,20200918,121000,146.4,146.4,146.4,146.4,59,0
AMC,5,20200918,121500,146.4,146.6,146.4,146.6,48,0
AMC,5,20200918,122000,146.4,146.4,146,146,124,0
AMC,5,20200918,123500,145.4,145.4,145.2,145.2,52,0
AMC,5,20200918,124000,145.4,145.4,145.4,145.4,10,0
AMC,5,20200918,130000,145.4,145.4,145.4,145.4,15,0
AMC,5,20200918,130500,145.4,145.4,145.4,145.4,4,0
AMC,5,20200918,131000,145.2,145.4,145.2,145.4,53,0
AMC,5,20200918,131500,145.4,145.4,145.4,145.4,105,0
AMC,5,20200918,132500,146,146,146,146,40,0
AMC,5,20200918,133000,146.6,146.6,146.4,146.4,43,0
AMC,5,20200918,134500,146.2,146.2,146.2,146.2,48,0
AMC,5,20200918,135500,145.6,145.6,145.6,145.6,26,0
AMC,5,20200918,140000,145.4,145.4,145.4,145.4,8,0
AMC,5,20200918,140500,145.4,145.4,145.4,145.4,60,0
AMC,5,20200918,142500,145.6,145.6,145.6,145.6,181,0
AMC,5,20200918,144500,146,146,145.6,146,40,0
AMC,5,20200918,150500,146,146,145.4,145.4,80,0
AMC,5,20200918,151000,146.6,146.8,146.6,146.8,129,0
AMC,5,20200918,153500,146.8,147.6,146.8,147.6,65,0
AMC,5,20200918,154000,146.2,146.2,146.2,146.2,2,0
AMC,5,20200918,154500,146.4,147.6,146.4,147.6,21,0
AMC,5,20200918,155000,147.6,147.6,147,147,47,0
AMC,5,20200918,155500,147.6,147.6,147,147.6,28,0
AMC,5,20200918,160000,146.4,147.6,146.4,147.2,71,0
AMC,5,20200918,160500,147.2,147.4,146.6,147.4,39,0
AMC,5,20200918,161000,146.6,147.6,146.6,147.4,70,0
AMC,5,20200918,161500,147.4,147.8,146.8,147.2,79,0
AMC,5,20200918,162000,147.2,147.2,147,147.2,35,0
AMC,5,20200918,162500,147.2,147.8,147,147.8,86,0
AMC,5,20200918,163000,147.8,147.8,147,147.6,10,0
AMC,5,20200918,163500,146.8,147,145.2,146.6,163,0
AMC,5,20200918,164000,146,146,145.4,145.4,39,0
AMC,5,20200918,164500,145.4,148,145.2,148,886,0
AMC,5,20200921,090000,148,148,148,148,128,0
AMC,5,20200921,090500,148,148,148,148,27,0
AMC,5,20200921,091500,146.2,146.2,146.2,146.2,8,0
AMC,5,20200921,093500,148,148,148,148,67,0
AMC,5,20200921,094000,147.6,147.6,147.6,147.6,13,0
AMC,5,20200921,100500,146.2,146.2,146.2,146.2,7,0
AMC,5,20200921,101000,146.2,146.2,146.2,146.2,59,0
AMC,5,20200921,101500,147,147,147,147,25,0
AMC,5,20200921,102000,146.2,146.2,146,146,102,0
AMC,5,20200921,102500,145.2,145.2,145.2,145.2,7,0
AMC,5,20200921,103000,145.2,146,145,146,107,0
AMC,5,20200921,103500,145,145.8,145,145.8,124,0
AMC,5,20200921,104500,145,145.6,145,145.6,124,0
AMC,5,20200921,105000,145,145,145,145,5,0
AMC,5,20200921,110000,144.6,145,144.6,145,199,0
AMC,5,20200921,110500,144.6,144.6,144.6,144.6,48,0
AMC,5,20200921,111000,144.2,144.2,144.2,144.2,7,0
AMC,5,20200921,111500,144.2,144.4,144.2,144.4,30,0
AMC,5,20200921,112500,144.2,144.2,144.2,144.2,62,0
AMC,5,20200921,113500,144,144.2,144,144.2,153,0
AMC,5,20200921,114500,144.2,144.2,144,144.2,124,0
AMC,5,20200921,120500,144,144,144,144,20,0
AMC,5,20200921,121000,143.6,143.6,143.6,143.6,7,0
AMC,5,20200921,121500,143.8,145.4,143.8,145.4,236,0
AMC,5,20200921,122500,143.8,143.8,143.8,143.8,31,0
AMC,5,20200921,124000,145.4,145.4,144,144,32,0
AMC,5,20200921,130500,143.8,143.8,143.8,143.8,12,0
AMC,5,20200921,132500,143.8,143.8,143.8,143.8,12,0
AMC,5,20200921,134500,143.6,143.6,143.6,143.6,14,0
AMC,5,20200921,135000,143.6,143.6,143.6,143.6,18,0
AMC,5,20200921,141500,143.6,143.8,143.6,143.8,343,0
AMC,5,20200921,143500,143.8,143.8,143.8,143.8,12,0
AMC,5,20200921,145000,143.8,143.8,143.8,143.8,25,0
AMC,5,20200921,145500,143.8,143.8,143.8,143.8,12,0
AMC,5,20200921,151000,143.8,143.8,143.8,143.8,12,0
AMC,5,20200921,152500,143.6,143.6,143.6,143.6,10,0
AMC,5,20200921,153000,143.8,143.8,143.8,143.8,12,0
AMC,5,20200921,160000,143.8,143.8,143,143,159,0
AMC,5,20200921,160500,143.6,143.6,143.6,143.6,2,0
AMC,5,20200921,161500,143,143,143,143,14,0
AMC,5,20200921,163000,143.8,143.8,143.8,143.8,20,0
AMC,5,20200921,163500,143.8,143.8,143.8,143.8,12,0
AMC,5,20200921,164000,143.2,143.2,142,142,183,0
AMC,5,20200921,164500,142,142,141,141,19,0
AMC,5,20200922,090000,141.8,143.4,141.8,141.8,170,0
AMC,5,20200922,090500,141.8,141.8,141,141.6,99,0
AMC,5,20200922,091500,141.2,141.2,141,141,42,0
AMC,5,20200922,092000,141,141,141,141,243,0
AMC,5,20200922,093000,141,141,140.4,140.4,29,0
AMC,5,20200922,093500,140.4,140.4,139,139.6,201,0
AMC,5,20200922,094000,139.6,139.6,139.6,139.6,10,0
AMC,5,20200922,094500,139.6,139.8,139.6,139.8,140,0
AMC,5,20200922,095000,140.4,141,140.4,141,24,0
AMC,5,20200922,095500,141,141.8,141,141.8,35,0
AMC,5,20200922,101000,142,143.4,142,143.4,101,0
AMC,5,20200922,101500,142.8,142.8,142,142,185,0
AMC,5,20200922,102000,142,142,142,142,10,0
AMC,5,20200922,104000,143,143,143,143,10,0
AMC,5,20200922,104500,143,143,143,143,10,0
AMC,5,20200922,121500,141.2,141.2,141.2,141.2,10,0
AMC,5,20200922,122000,141.6,141.6,141.4,141.4,34,0
AMC,5,20200922,124000,141.2,141.2,141.2,141.2,17,0
AMC,5,20200922,125500,142,142,141.4,141.4,42,0
AMC,5,20200922,131000,141.8,141.8,141.8,141.8,10,0
AMC,5,20200922,132000,141.2,141.2,141.2,141.2,17,0
AMC,5,20200922,132500,142,142,142,142,10,0
AMC,5,20200922,141000,142,142,141.4,141.4,18,0
AMC,5,20200922,142000,141.2,141.2,141,141,54,0
AMC,5,20200922,145000,141.4,141.8,141.4,141.8,25,0
AMC,5,20200922,150000,141.4,141.4,141.4,141.4,22,0
AMC,5,20200922,152000,141.2,141.8,141.2,141.8,40,0
AMC,5,20200922,153000,141.8,141.8,141.8,141.8,28,0
AMC,5,20200922,155500,142.4,142.4,142.4,142.4,7,0
AMC,5,20200922,163000,142.6,142.6,142.6,142.6,17,0
AMC,5,20200922,164000,142.4,142.4,141.4,141.4,101,0
AMC,5,20200922,164500,141.4,141.4,141,141,70,0
AMC,5,20200923,090000,141,141,141,141,4,0
AMC,5,20200923,091000,141,141,141,141,6,0
AMC,5,20200923,091500,140.6,140.6,140.6,140.6,10,0
AMC,5,20200923,094000,140.8,142.4,140.8,142.4,28,0
AMC,5,20200923,101500,142.2,144,141.4,141.4,151,0
AMC,5,20200923,104500,142.2,142.6,142.2,142.6,35,0
AMC,5,20200923,105000,142.6,142.6,142.6,142.6,16,0
AMC,5,20200923,110000,142.4,142.8,142.4,142.8,43,0
AMC,5,20200923,111000,141.8,141.8,141.2,141.2,67,0
AMC,5,20200923,111500,142.2,142.2,142.2,142.2,17,0
AMC,5,20200923,113000,141.2,141.2,140.8,140.8,80,0
AMC,5,20200923,121500,141,141,140.6,140.6,35,0
AMC,5,20200923,122500,140.6,140.6,140.6,140.6,22,0
AMC,5,20200923,125500,140.6,140.6,140.6,140.6,13,0
AMC,5,20200923,131500,140.6,140.6,140.6,140.6,20,0
AMC,5,20200923,132500,140.6,141.8,140.6,141.8,32,0
AMC,5,20200923,133000,141.4,141.4,141.4,141.4,40,0
AMC,5,20200923,134000,141.2,141.2,141.2,141.2,14,0
AMC,5,20200923,134500,140.4,140.4,140.4,140.4,15,0
AMC,5,20200923,135500,141.2,141.2,141.2,141.2,7,0
AMC,5,20200923,140500,141.2,141.8,141.2,141.8,44,0
AMC,5,20200923,141000,140.6,140.6,140.6,140.6,30,0
AMC,5,20200923,150500,141.8,141.8,141.8,141.8,10,0
AMC,5,20200923,155500,141.6,141.6,141.6,141.6,21,0
AMC,5,20200923,160000,140.6,140.6,140.4,140.4,118,0
AMC,5,20200923,161000,140.4,140.4,140.4,140.4,60,0
AMC,5,20200923,163500,140.4,140.4,140.4,140.4,4,0
AMC,5,20200923,164500,140,140,139.4,139.8,77,0
AMC,5,20200924,090000,139.6,139.6,135,138,529,0
AMC,5,20200924,090500,135,136.4,135,136.4,77,0
AMC,5,20200924,091500,135.2,135.2,135.2,135.2,3,0
AMC,5,20200924,092000,136.6,136.6,136.6,136.6,146,0
AMC,5,20200924,093000,136.6,136.6,135.8,135.8,22,0
AMC,5,20200924,094000,136.6,136.6,136.6,136.6,30,0
AMC,5,20200924,094500,136.6,136.6,136.6,136.6,7,0
AMC,5,20200924,095000,136,136,136,136,25,0
AMC,5,20200924,095500,136,136,136,136,16,0
AMC,5,20200924,100000,135.8,135.8,135.8,135.8,32,0
AMC,5,20200924,100500,135.8,135.8,135.8,135.8,12,0
AMC,5,20200924,101500,135.4,135.4,135.4,135.4,80,0
AMC,5,20200924,102000,135.4,135.4,135,135,266,0
AMC,5,20200924,102500,135,135,134.4,134.4,84,0
AMC,5,20200924,104000,134,134,132.6,132.6,11,0
AMC,5,20200924,104500,134,134,132.6,132.6,48,0
AMC,5,20200924,105000,132.6,133,132.4,133,346,0
AMC,5,20200924,105500,134,134,134,134,20,0
AMC,5,20200924,110500,134,134,134,134,10,0
AMC,5,20200924,111500,133.6,134,133.4,134,26,0
AMC,5,20200924,113000,134,134,134,134,25,0
AMC,5,20200924,113500,134,134,133.4,133.4,644,0
AMC,5,20200924,114500,133.4,133.4,133.4,133.4,9,0
AMC,5,20200924,115000,133.4,133.4,133.4,133.4,10,0
AMC,5,20200924,115500,134,134,134,134,9,0
AMC,5,20200924,120500,134,134,134,134,10,0
AMC,5,20200924,122000,134,134,134,134,17,0
AMC,5,20200924,122500,134,134,134,134,29,0
AMC,5,20200924,123000,134,134,134,134,123,0
AMC,5,20200924,124000,134,134,133.4,133.4,64,0
AMC,5,20200924,124500,133.4,133.4,133.4,133.4,29,0
AMC,5,20200924,125000,133.4,133.4,133.2,133.4,57,0
AMC,5,20200924,130000,133.2,133.2,133.2,133.2,36,0
AMC,5,20200924,131500,134,134,134,134,56,0
AMC,5,20200924,132000,134,134,134,134,23,0
AMC,5,20200924,132500,134,134,134,134,134,0
AMC,5,20200924,134000,134,134,134,134,9,0
AMC,5,20200924,140000,134,134,133.4,133.4,190,0
AMC,5,20200924,140500,133,133,133,133,5,0
AMC,5,20200924,141500,133.6,133.6,133.6,133.6,98,0
AMC,5,20200924,143000,134,134,134,134,30,0
AMC,5,20200924,143500,134,134.8,134,134.8,15,0
AMC,5,20200924,144000,134.6,134.6,134.6,134.6,16,0
AMC,5,20200924,150000,134.8,134.8,134.8,134.8,28,0
AMC,5,20200924,150500,134.6,134.6,134.2,134.2,78,0
AMC,5,20200924,151500,134.4,134.4,134.4,134.4,28,0
AMC,5,20200924,152000,134.4,134.4,134.4,134.4,5,0
AMC,5,20200924,152500,134.2,134.4,134.2,134.4,45,0
AMC,5,20200924,155500,134.2,134.2,134.2,134.2,10,0
AMC,5,20200924,161000,134.8,134.8,134.8,134.8,13,0
AMC,5,20200924,161500,134.8,135,134.8,135,14,0
AMC,5,20200924,164000,135.2,135.2,135,135,30,0
AMC,5,20200924,164500,135.8,135.8,135.8,135.8,41,0
AMC,5,20200925,090000,135.8,135.8,135.8,135.8,83,0
AMC,5,20200925,090500,135.8,136.4,135.8,136.4,31,0
AMC,5,20200925,091000,136.4,136.4,136.4,136.4,1,0
AMC,5,20200925,092000,134.2,134.2,133.2,133.2,158,0
AMC,5,20200925,092500,133.8,133.8,133.8,133.8,11,0
AMC,5,20200925,100000,134,134,134,134,18,0
AMC,5,20200925,102000,133.6,133.6,133.6,133.6,20,0
AMC,5,20200925,102500,133.8,134.6,133.8,134.6,76,0
AMC,5,20200925,110500,134.6,134.6,134.6,134.6,6,0
AMC,5,20200925,112000,134,134,133.6,133.6,34,0
AMC,5,20200925,113500,133.6,133.6,133.4,133.4,72,0
AMC,5,20200925,114500,133.2,133.2,133.2,133.2,3,0
AMC,5,20200925,121000,133.6,133.6,133.6,133.6,168,0
AMC,5,20200925,122500,134,134,134,134,19,0
AMC,5,20200925,123000,134,134,134,134,6,0
AMC,5,20200925,123500,133.8,133.8,133.6,133.6,5,0
AMC,5,20200925,124500,133.6,133.6,133.4,133.6,155,0
AMC,5,20200925,125000,133.4,133.4,133.4,133.4,25,0
AMC,5,20200925,130500,133.6,133.6,133.6,133.6,26,0
AMC,5,20200925,132500,133.6,133.6,133.6,133.6,254,0
AMC,5,20200925,140500,133.8,133.8,133.8,133.8,35,0
AMC,5,20200925,141000,134,134,134,134,18,0
AMC,5,20200925,142000,134.2,134.2,134.2,134.2,2,0
AMC,5,20200925,144000,134,134,134,134,2,0
AMC,5,20200925,144500,133.8,133.8,133.8,133.8,71,0
AMC,5,20200925,145000,134,134.2,134,134.2,32,0
AMC,5,20200925,151500,134.2,134.2,134.2,134.2,10,0
AMC,5,20200925,152500,134.2,134.2,134.2,134.2,32,0
AMC,5,20200925,153000,134.2,134.2,134.2,134.2,34,0
AMC,5,20200925,154500,134,134.4,134,134.4,16,0
AMC,5,20200925,160000,134.8,134.8,134.8,134.8,5,0
AMC,5,20200925,161000,134.8,134.8,134.8,134.8,16,0
AMC,5,20200925,162000,135,135,135,135,8,0
AMC,5,20200925,163000,134.6,134.6,134.6,134.6,9,0
AMC,5,20200925,163500,135,135,135,135,35,0
AMC,5,20200928,090000,134.6,134.6,134.6,134.6,7,0
AMC,5,20200928,090500,134,134,134,134,5,0
AMC,5,20200928,091000,134.6,134.6,134.6,134.6,3,0
AMC,5,20200928,091500,136.2,136.4,136.2,136.4,25,0
AMC,5,20200928,092000,135.4,136.6,135.4,136.6,25,0
AMC,5,20200928,092500,135.4,135.4,135.2,135.2,7,0
AMC,5,20200928,094000,135.4,135.4,135.4,135.4,30,0
AMC,5,20200928,095500,135.4,135.4,135.4,135.4,5,0
AMC,5,20200928,100000,136,136,136,136,27,0
AMC,5,20200928,100500,136.6,136.6,136.6,136.6,3,0
AMC,5,20200928,102500,136.6,136.6,136.6,136.6,10,0
AMC,5,20200928,105000,136.6,136.6,136.6,136.6,70,0
AMC,5,20200928,111500,136.6,136.6,136.6,136.6,39,0
AMC,5,20200928,112000,136.6,136.6,136.6,136.6,76,0
AMC,5,20200928,115000,136.4,136.4,136.4,136.4,7,0
AMC,5,20200928,120500,136.4,136.4,136.4,136.4,74,0
AMC,5,20200928,122000,136.6,136.6,136.6,136.6,15,0
AMC,5,20200928,123500,136.6,136.6,136.6,136.6,18,0
AMC,5,20200928,125500,136.6,136.6,136.6,136.6,3,0
AMC,5,20200928,130000,136.4,136.4,136.4,136.4,2,0
AMC,5,20200928,132000,136.6,136.6,136.6,136.6,2,0
AMC,5,20200928,132500,136.4,136.4,136.2,136.2,45,0
AMC,5,20200928,133000,136,136,136,136,23,0
AMC,5,20200928,134000,136,136,135.6,135.6,791,0
AMC,5,20200928,142500,135.2,135.2,135.2,135.2,50,0
AMC,5,20200928,143500,136,136,136,136,7,0
AMC,5,20200928,144000,136,136,135.2,135.2,50,0
AMC,5,20200928,145000,135.6,135.6,135.6,135.6,20,0
AMC,5,20200928,145500,135.6,136,135.4,135.4,730,0
AMC,5,20200928,160000,136,136,136,136,7,0
AMC,5,20200928,163500,136,136,136,136,2,0
AMC,5,20200928,164000,136,136,136,136,20,0
AMC,5,20200928,164500,135.6,135.6,135.4,135.4,177,0
AMC,5,20200929,090000,135,135,135,135,101,0
AMC,5,20200929,090500,135,135,135,135,30,0
AMC,5,20200929,091000,135,135,135,135,2,0
AMC,5,20200929,092500,135,135,135,135,32,0
AMC,5,20200929,093000,135,135,135,135,5,0
AMC,5,20200929,093500,135,135,135,135,16,0
AMC,5,20200929,094500,135,135,134.4,135,91,0
AMC,5,20200929,095000,135,135,134.4,134.4,43,0
AMC,5,20200929,103000,134.4,134.4,134.4,134.4,20,0
AMC,5,20200929,110000,134.6,134.6,134.4,134.4,297,0
AMC,5,20200929,120000,135.4,135.4,135.4,135.4,10,0
AMC,5,20200929,125000,135.4,135.4,135.4,135.4,44,0
AMC,5,20200929,133500,134.6,134.6,134.6,134.6,3,0
AMC,5,20200929,141000,136.4,136.4,136.4,136.4,27,0
AMC,5,20200929,143500,135.4,135.4,135.4,135.4,5,0
AMC,5,20200929,144000,135.4,135.4,135.4,135.4,53,0
AMC,5,20200929,145000,135.4,135.4,135.4,135.4,10,0
AMC,5,20200929,150500,134.8,134.8,134,134,182,0
AMC,5,20200929,152000,133.6,133.6,133,133,98,0
AMC,5,20200929,152500,133,133,133,133,15,0
AMC,5,20200929,164500,136.6,136.6,136.6,136.6,36,0
AMC,5,20200930,090000,135,135,135,135,4,0
AMC,5,20200930,090500,134,136.6,134,136.6,56,0
AMC,5,20200930,091000,136.4,139,136.4,137.4,216,0
AMC,5,20200930,091500,137.8,137.8,137.8,137.8,14,0
AMC,5,20200930,092500,137.6,137.6,137.6,137.6,6,0
AMC,5,20200930,093000,138.6,139.6,138.6,139.6,39,0
AMC,5,20200930,093500,140.6,142,140.6,142,99,0
AMC,5,20200930,094000,142,142,142,142,5,0
AMC,5,20200930,095500,141.2,141.2,141.2,141.2,63,0
AMC,5,20200930,100500,141,141,141,141,1,0
AMC,5,20200930,102500,140.6,140.6,140.6,140.6,15,0
AMC,5,20200930,104000,140,140,140,140,59,0
AMC,5,20200930,104500,140,140,140,140,29,0
AMC,5,20200930,113500,140,140,140,140,15,0
AMC,5,20200930,114500,140.2,140.2,140.2,140.2,22,0
AMC,5,20200930,115000,140.2,140.2,140.2,140.2,23,0
AMC,5,20200930,115500,140.2,140.2,140.2,140.2,15,0
AMC,5,20200930,120500,140.4,140.4,140.4,140.4,2,0
AMC,5,20200930,124000,140.2,140.2,140.2,140.2,93,0
AMC,5,20200930,124500,140,140.4,140,140.4,42,0
AMC,5,20200930,125000,140.4,140.4,140.4,140.4,10,0
AMC,5,20200930,132500,140,140,140,140,5,0
AMC,5,20200930,135500,140.4,140.4,140.4,140.4,8,0
AMC,5,20200930,144500,140,140,140,140,91,0
AMC,5,20200930,153500,139.2,139.2,139,139,30,0
AMC,5,20200930,154500,137.8,137.8,136.6,136.6,290,0
AMC,5,20200930,155500,138,138,138,138,20,0
AMC,5,20200930,161000,138,138,138,138,100,0
AMC,5,20200930,161500,138,138,138,138,74,0
AMC,5,20200930,162500,137,137,137,137,14,0
AMC,5,20200930,164500,137,137,137,137,14,0
AMC,5,20201001,090000,139,139,139,139,63,0
AMC,5,20201001,090500,138.8,139,138.8,139,30,0
AMC,5,20201001,091500,137.4,137.4,137.4,137.4,25,0
AMC,5,20201001,092000,138.6,138.6,138.6,138.6,3,0
AMC,5,20201001,094500,138,138,138,138,1,0
AMC,5,20201001,095000,137.8,137.8,137.8,137.8,10,0
AMC,5,20201001,102000,138,138,138,138,20,0
AMC,5,20201001,102500,138,138,138,138,55,0
AMC,5,20201001,104500,138,138,138,138,50,0
AMC,5,20201001,105000,138,138,138,138,35,0
AMC,5,20201001,105500,138,138,138,138,30,0
AMC,5,20201001,110000,138,138,137.4,137.4,53,0
AMC,5,20201001,115000,138,138,138,138,20,0
AMC,5,20201001,120000,138,138,138,138,20,0
AMC,5,20201001,123500,137.4,137.4,137.4,137.4,16,0
AMC,5,20201001,131500,138,138,138,138,21,0
AMC,5,20201001,133000,137.4,137.4,137.4,137.4,18,0
AMC,5,20201001,133500,137,137,137,137,36,0
AMC,5,20201001,134000,136.4,136.4,136.4,136.4,20,0
AMC,5,20201001,135000,136.2,136.2,136.2,136.2,10,0
AMC,5,20201001,140000,135.8,135.8,135.8,135.8,3,0
AMC,5,20201001,143000,137,137,137,137,17,0
AMC,5,20201001,144500,136.4,136.4,136.4,136.4,20,0
AMC,5,20201001,150500,135.8,135.8,135.8,135.8,12,0
AMC,5,20201001,151500,135.6,135.6,135.6,135.6,100,0
AMC,5,20201001,152000,135.2,135.2,134.6,134.6,126,0
AMC,5,20201001,152500,134.2,134.2,134,134,39,0
AMC,5,20201001,153000,134,134,134,134,10,0
AMC,5,20201001,153500,134,134,134,134,6,0
AMC,5,20201001,154000,134.8,134.8,133.2,133.2,71,0
AMC,5,20201001,154500,133.2,135,133.2,135,60,0
AMC,5,20201001,155500,133.2,133.2,133.2,133.2,25,0
AMC,5,20201001,162500,133.2,133.2,133,133,28,0
AMC,5,20201001,164500,135,135,134,134,56,0
AMC,5,20201002,090000,134,134,134,134,6,0
AMC,5,20201002,091000,135.6,135.6,133.6,133.6,7,0
AMC,5,20201002,091500,135.6,135.6,135.6,135.6,7,0
AMC,5,20201002,092000,136.2,136.2,134.8,134.8,34,0
AMC,5,20201002,100500,134,134,134,134,4,0
AMC,5,20201002,101000,134,134,133.8,134,156,0
AMC,5,20201002,102500,134,134,134,134,1,0
AMC,5,20201002,103500,133.6,133.6,133.4,133.4,20,0
AMC,5,20201002,113500,135.8,135.8,135.8,135.8,30,0
AMC,5,20201002,114000,133.8,133.8,132.6,132.6,120,0
AMC,5,20201002,115000,134.8,134.8,134.8,134.8,10,0
AMC,5,20201002,121500,134,134,134,134,20,0
AMC,5,20201002,132000,133.4,133.6,133.4,133.6,8,0
AMC,5,20201002,133000,133.6,133.6,133.6,133.6,6,0
AMC,5,20201002,142500,133.6,133.6,133.6,133.6,26,0
AMC,5,20201002,144500,133.6,133.6,133.6,133.6,38,0
AMC,5,20201002,150500,133.6,133.6,133.6,133.6,14,0
AMC,5,20201002,151000,133.6,133.6,133.6,133.6,6,0
AMC,5,20201002,154000,133.6,133.6,133.6,133.6,5,0
AMC,5,20201002,154500,133.4,133.4,133.4,133.4,5,0
AMC,5,20201002,162000,134,134,133.6,133.6,18,0
AMC,5,20201002,162500,134,134,134,134,10,0
AMC,5,20201002,163000,134,134.4,134,134.4,43,0
AMC,5,20201002,163500,134.8,135,134.8,135,117,0
AMC,5,20201002,164500,134.4,135,133.6,133.6,61,0
AMC,5,20201005,090000,133.6,133.8,133.6,133.8,39,0
AMC,5,20201005,091000,135,135,135,135,7,0
AMC,5,20201005,091500,135,135,135,135,13,0
AMC,5,20201005,092000,135.2,135.2,135.2,135.2,1,0
AMC,5,20201005,093000,135.2,135.2,134.2,134.2,33,0
AMC,5,20201005,094000,135,135.2,135,135.2,42,0
AMC,5,20201005,094500,135.2,135.2,135.2,135.2,105,0
AMC,5,20201005,095000,135,135,135,135,10,0
AMC,5,20201005,095500,135.2,135.2,135.2,135.2,22,0
AMC,5,20201005,100500,135,135,135,135,3,0
AMC,5,20201005,102000,135,135,135,135,20,0
AMC,5,20201005,103500,135.2,135.2,135.2,135.2,5,0
AMC,5,20201005,110500,135,135.2,135,135.2,5,0
AMC,5,20201005,111000,135,135,135,135,7,0
AMC,5,20201005,113000,135,135,135,135,5,0
AMC,5,20201005,115000,134.6,134.6,134.6,134.6,2,0
AMC,5,20201005,120000,134.6,134.6,134.6,134.6,70,0
AMC,5,20201005,120500,134.6,134.6,134.6,134.6,11,0
AMC,5,20201005,122000,134.6,134.6,134.6,134.6,17,0
AMC,5,20201005,123500,135,135.2,135,135.2,142,0
AMC,5,20201005,131000,135.2,135.2,135,135,28,0
AMC,5,20201005,133000,135.2,135.2,135.2,135.2,20,0
AMC,5,20201005,133500,135,135,135,135,20,0
AMC,5,20201005,134000,135,135,134.2,134.2,20,0
AMC,5,20201005,135000,134.2,134.2,134.2,134.2,20,0
AMC,5,20201005,140000,134.2,134.2,134.2,134.2,20,0
AMC,5,20201005,141000,134,134.8,134,134.8,34,0
AMC,5,20201005,143000,135,135,135,135,5,0
AMC,5,20201005,145000,134,134,133.8,133.8,30,0
AMC,5,20201005,150000,133.8,133.8,133.8,133.8,10,0
AMC,5,20201005,151000,134.4,134.4,134.4,134.4,17,0
AMC,5,20201005,153500,133.8,133.8,133.2,133.2,140,0
AMC,5,20201005,154000,133.2,133.2,133.2,133.2,40,0
AMC,5,20201005,155500,134,134,134,134,20,0
AMC,5,20201005,162000,135,135,135,135,6,0
AMC,5,20201005,162500,135,135,135,135,15,0
AMC,5,20201005,163500,133.4,133.4,133,133,50,0
AMC,5,20201005,164000,133.8,133.8,133.8,133.8,35,0
AMC,5,20201005,164500,133,135,132.6,132.6,147,0
AMC,5,20201006,090000,135,135,135,135,63,0
AMC,5,20201006,090500,135,135,135,135,20,0
AMC,5,20201006,091000,135,135,135,135,27,0
AMC,5,20201006,092000,135.2,135.2,135.2,135.2,8,0
AMC,5,20201006,092500,135,135,135,135,23,0
AMC,5,20201006,093000,135.2,135.2,135.2,135.2,27,0
AMC,5,20201006,093500,135.2,135.2,135.2,135.2,68,0
AMC,5,20201006,094000,135.2,135.2,135.2,135.2,14,0
AMC,5,20201006,094500,135.2,135.2,135.2,135.2,10,0
AMC,5,20201006,095000,135.2,135.2,135,135,76,0
AMC,5,20201006,095500,135,135,135,135,5,0
AMC,5,20201006,100000,135.2,135.2,135.2,135.2,2,0
AMC,5,20201006,100500,135.2,135.2,135.2,135.2,80,0
AMC,5,20201006,102500,136.2,136.2,136.2,136.2,3,0
AMC,5,20201006,103000,136.2,136.2,136.2,136.2,91,0
AMC,5,20201006,104000,137,137,137,137,1,0
AMC,5,20201006,104500,139,139,139,139,3,0
AMC,5,20201006,105000,138.8,138.8,138.8,138.8,7,0
AMC,5,20201006,105500,137,137,137,137,14,0
AMC,5,20201006,110000,138.8,139,138.8,139,50,0
AMC,5,20201006,110500,139,139,139,139,13,0
AMC,5,20201006,111500,138.2,138.2,138.2,138.2,4,0
AMC,5,20201006,113000,138.2,138.2,138,138,11,0
AMC,5,20201006,114000,138,138,138,138,8,0
AMC,5,20201006,114500,139,139,139,139,30,0
AMC,5,20201006,115000,139,139,137,137,20,0
AMC,5,20201006,124000,138.2,138.2,138.2,138.2,2,0
AMC,5,20201006,130500,138.2,138.2,138.2,138.2,7,0
AMC,5,20201006,131000,138.2,138.2,138.2,138.2,7,0
AMC,5,20201006,131500,136.2,136.2,136.2,136.2,11,0
AMC,5,20201006,132000,137.8,138.2,137.8,138.2,49,0
AMC,5,20201006,132500,138,138.2,138,138.2,15,0
AMC,5,20201006,134000,138.2,139,137.8,137.8,105,0
AMC,5,20201006,134500,137.8,137.8,137.8,137.8,12,0
AMC,5,20201006,135500,139,139,138,138,193,0
AMC,5,20201006,140500,138.2,138.2,138,138,32,0
AMC,5,20201006,142000,137.4,137.4,137.4,137.4,34,0
AMC,5,20201006,145000,137.4,137.4,137.4,137.4,18,0
AMC,5,20201006,153000,137.8,137.8,136.2,136.2,80,0
AMC,5,20201006,161000,137.8,137.8,137.8,137.8,23,0
AMC,5,20201006,163000,136.4,136.4,136.4,136.4,7,0
AMC,5,20201006,163500,137,137,137,137,10,0
AMC,5,20201006,164500,137.2,137.2,136.2,136.2,7,0
AMC,5,20201007,090000,137,137,137,137,49,0
AMC,5,20201007,090500,137,137,137,137,22,0
AMC,5,20201007,092500,137,137,136.2,136.2,199,0
AMC,5,20201007,093000,137,137,137,137,50,0
AMC,5,20201007,101500,137,137,137,137,20,0
AMC,5,20201007,104000,137,137,137,137,7,0
AMC,5,20201007,105500,137,137,137,137,10,0
AMC,5,20201007,112000,137,137,137,137,25,0
AMC,5,20201007,113000,136.2,136.2,136.2,136.2,10,0
AMC,5,20201007,122500,137,137,137,137,10,0
AMC,5,20201007,124000,137,137,137,137,20,0
AMC,5,20201007,131000,137,137,137,137,500,0
AMC,5,20201007,131500,137,137,137,137,8,0
AMC,5,20201007,132000,137,137,137,137,22,0
AMC,5,20201007,134000,136.4,136.4,136,136,52,0
AMC,5,20201007,142000,136.2,136.2,136.2,136.2,12,0
AMC,5,20201007,142500,136.2,136.2,136.2,136.2,34,0
AMC,5,20201007,150500,136,136,136,136,20,0
AMC,5,20201007,151500,135.8,135.8,135.8,135.8,4,0
AMC,5,20201007,154500,135.4,135.4,135.2,135.2,38,0
AMC,5,20201007,160000,135.2,135.8,135.2,135.8,43,0
AMC,5,20201007,162000,135.2,135.2,135.2,135.2,14,0
AMC,5,20201007,163000,136,136,136,136,16,0
AMC,5,20201007,163500,135.4,135.4,135.2,135.2,85,0
AMC,5,20201007,164500,136,137.4,136,137.4,20,0
AMC,5,20201008,090500,137.6,137.6,137.6,137.6,39,0
AMC,5,20201008,091500,137.6,137.6,137.6,137.6,117,0
AMC,5,20201008,092000,137.8,138,137.8,138,20,0
AMC,5,20201008,092500,137.8,137.8,137.6,137.6,19,0
AMC,5,20201008,094500,138,138,138,138,40,0
AMC,5,20201008,095000,138,138,138,138,200,0
AMC,5,20201008,095500,137.6,137.6,137.6,137.6,7,0
AMC,5,20201008,103500,137.6,137.8,137.6,137.8,32,0
AMC,5,20201008,105500,137.6,137.8,137.6,137.8,34,0
AMC,5,20201008,110000,136,136,135.6,135.6,48,0
AMC,5,20201008,110500,135.4,135.4,135.4,135.4,15,0
AMC,5,20201008,112500,136,136,136,136,10,0
AMC,5,20201008,113500,135,135.4,135,135.4,39,0
AMC,5,20201008,121000,135.4,135.4,135.4,135.4,10,0
AMC,5,20201008,124000,135.8,135.8,135.8,135.8,30,0
AMC,5,20201008,130500,135.8,135.8,135.8,135.8,10,0
AMC,5,20201008,141500,135.6,135.6,135.6,135.6,10,0
AMC,5,20201008,142000,135.6,135.8,135.6,135.8,57,0
AMC,5,20201008,142500,135.8,135.8,133.2,133.2,679,0
AMC,5,20201008,143000,133.6,133.6,133.6,133.6,99,0
AMC,5,20201008,144500,133.8,133.8,133.8,133.8,15,0
AMC,5,20201008,145000,134,134,134,134,42,0
AMC,5,20201008,150500,134,134,134,134,12,0
AMC,5,20201008,151500,133.8,133.8,133.8,133.8,15,0
AMC,5,20201008,152000,134,134,134,134,13,0
AMC,5,20201008,152500,133.4,133.4,133.4,133.4,11,0
AMC,5,20201008,155500,133.2,133.2,133.2,133.2,14,0
AMC,5,20201008,160000,133,133,132.6,132.6,222,0
AMC,5,20201008,160500,132.6,132.6,132.6,132.6,16,0
AMC,5,20201008,161500,133.8,133.8,133.2,133.8,327,0
AMC,5,20201008,163000,133.8,133.8,133.8,133.8,6,0
AMC,5,20201008,164000,133.8,133.8,133.8,133.8,22,0
AMC,5,20201008,164500,133.8,133.8,133.6,133.6,33,0
AMC,5,20201009,090000,133.6,133.6,133.6,133.6,5,0
AMC,5,20201009,090500,133.6,133.6,132.2,132.2,184,0
AMC,5,20201009,091000,133.6,135.8,133.6,135.8,68,0
AMC,5,20201009,093500,135.8,135.8,135.8,135.8,7,0
AMC,5,20201009,094000,134,134,134,134,7,0
AMC,5,20201009,094500,134,134,134,134,22,0
AMC,5,20201009,095500,132.4,132.4,132.4,132.4,10,0
AMC,5,20201009,100000,132.4,132.4,132.4,132.4,29,0
AMC,5,20201009,101000,132.2,132.2,132.2,132.2,13,0
AMC,5,20201009,101500,132.2,132.2,132.2,132.2,14,0
AMC,5,20201009,102500,132.2,132.2,132.2,132.2,98,0
AMC,5,20201009,103000,132.2,132.2,132,132,21,0
AMC,5,20201009,103500,132.2,132.2,132.2,132.2,32,0
AMC,5,20201009,104000,132.2,132.2,132.2,132.2,12,0
AMC,5,20201009,104500,132,132,132,132,170,0
AMC,5,20201009,111500,132,132,132,132,21,0
AMC,5,20201009,112500,131.2,131.2,130.4,130.4,83,0
AMC,5,20201009,113000,131.4,132,131.4,132,459,0
AMC,5,20201009,113500,132,132,132,132,167,0
AMC,5,20201009,115000,132,132,132,132,3,0
AMC,5,20201009,120000,132.2,132.2,132.2,132.2,75,0
AMC,5,20201009,120500,132,132,132,132,30,0
AMC,5,20201009,122500,132,132,132,132,70,0
AMC,5,20201009,123000,132,132,132,132,10,0
AMC,5,20201009,123500,132.2,132.2,132.2,132.2,33,0
AMC,5,20201009,124500,132.2,132.2,132.2,132.2,10,0
AMC,5,20201009,125000,132,132,132,132,70,0
AMC,5,20201009,131000,132.2,132.2,132,132,62,0
AMC,5,20201009,132000,132,132,132,132,6,0
AMC,5,20201009,133000,132,132,132,132,25,0
AMC,5,20201009,141000,132.2,132.2,132,132,11,0
AMC,5,20201009,142000,132.2,132.2,132.2,132.2,2,0
AMC,5,20201009,142500,132.2,132.2,132.2,132.2,50,0
AMC,5,20201009,153000,132.6,132.6,132.6,132.6,8,0
AMC,5,20201009,154500,132.6,132.6,132.6,132.6,48,0
AMC,5,20201009,161500,133,133,133,133,25,0
AMC,5,20201009,162000,133,133,133,133,10,0
AMC,5,20201009,163500,133,134,133,134,871,0
AMC,5,20201009,164500,132.8,134,131,131,463,0
AMC,5,20201012,090000,131,131,131,131,100,0
AMC,5,20201012,090500,131,132,131,132,43,0
AMC,5,20201012,091000,133.6,133.6,133.6,133.6,10,0
AMC,5,20201012,100500,132.4,133.6,132.4,133.6,51,0
AMC,5,20201012,101000,133.4,133.4,133.4,133.4,15,0
AMC,5,20201012,102500,133.4,133.4,133.4,133.4,3,0
AMC,5,20201012,103000,133.4,133.4,133.4,133.4,7,0
AMC,5,20201012,104000,133.2,133.2,133.2,133.2,7,0
AMC,5,20201012,105000,133,133,133,133,13,0
AMC,5,20201012,105500,133.2,133.2,133.2,133.2,57,0
AMC,5,20201012,110000,132.4,132.4,132.4,132.4,10,0
AMC,5,20201012,112000,132.4,132.4,132.4,132.4,1,0
AMC,5,20201012,112500,133.4,133.4,133.4,133.4,10,0
AMC,5,20201012,121000,133.2,133.2,133.2,133.2,7,0
AMC,5,20201012,121500,133.4,133.4,133.4,133.4,6,0
AMC,5,20201012,131500,133.4,133.4,133.4,133.4,2,0
AMC,5,20201012,132000,133.4,133.4,133.4,133.4,5,0
AMC,5,20201012,133500,133.4,133.4,133.4,133.4,10,0
AMC,5,20201012,134500,133.2,133.2,133,133,41,0
AMC,5,20201012,135000,133.6,133.6,133.6,133.6,15,0
AMC,5,20201012,140000,133.6,133.6,133.4,133.6,19,0
AMC,5,20201012,142500,133.8,133.8,133.8,133.8,17,0
AMC,5,20201012,150500,133.8,133.8,133.8,133.8,9,0
AMC,5,20201012,151000,133.2,133.2,133.2,133.2,5,0
AMC,5,20201012,155000,133.8,133.8,133.8,133.8,1,0
AMC,5,20201012,155500,133.8,133.8,133.8,133.8,17,0
AMC,5,20201012,161000,133.8,134,133.8,134,28,0
AMC,5,20201012,162000,133.2,133.2,133.2,133.2,4,0
AMC,5,20201012,163000,133.2,133.2,133.2,133.2,1,0
AMC,5,20201012,163500,133.6,133.6,133.2,133.2,37,0
AMC,5,20201012,164500,133.2,133.8,132.4,132.4,136,0
AMC,5,20201013,091500,133.8,133.8,133.8,133.8,17,0
AMC,5,20201013,092500,134,134,133.6,133.6,9,0
AMC,5,20201013,093500,134,134,134,134,8,0
AMC,5,20201013,094000,134,134,134,134,3,0
AMC,5,20201013,094500,133.6,133.6,133.6,133.6,10,0
AMC,5,20201013,095500,134,134,134,134,2,0
AMC,5,20201013,104000,134,134,134,134,8,0
AMC,5,20201013,105000,134,134,134,134,4,0
AMC,5,20201013,110000,134.2,134.2,134,134,32,0
AMC,5,20201013,112500,134,134,134,134,50,0
AMC,5,20201013,115000,133.8,133.8,133.8,133.8,17,0
AMC,5,20201013,120500,133.8,133.8,133.8,133.8,95,0
AMC,5,20201013,121000,133.8,133.8,133.8,133.8,80,0
AMC,5,20201013,123000,133.6,133.6,133,133,119,0
AMC,5,20201013,125500,132.4,132.4,132.4,132.4,5,0
AMC,5,20201013,131500,133.8,133.8,132.4,132.4,32,0
AMC,5,20201013,132000,132,132,132,132,8,0
AMC,5,20201013,132500,133.8,133.8,133.8,133.8,3,0
AMC,5,20201013,140000,132.2,132.2,131.4,131.4,35,0
AMC,5,20201013,142000,133.6,133.6,133.6,133.6,6,0
AMC,5,20201013,143500,131.6,131.6,131.6,131.6,19,0
AMC,5,20201013,153000,131.8,131.8,131.8,131.8,18,0
AMC,5,20201013,160000,131.8,131.8,131.8,131.8,10,0
AMC,5,20201013,161000,131.8,131.8,131.8,131.8,13,0
AMC,5,20201013,162500,131.6,131.6,131.6,131.6,50,0
AMC,5,20201013,163000,131.8,131.8,131.8,131.8,36,0
AMC,5,20201013,163500,131.6,131.6,131.4,131.4,118,0
AMC,5,20201013,164500,133.4,133.4,133.4,133.4,4,0
AMC,5,20201014,090000,133,133,131,131,9,0
AMC,5,20201014,090500,133,133.8,131.2,131.2,305,0
AMC,5,20201014,092000,131.2,131.2,131.2,131.2,3,0
AMC,5,20201014,092500,131.4,131.4,131.4,131.4,15,0
AMC,5,20201014,093000,131.2,131.2,131.2,131.2,55,0
AMC,5,20201014,094000,132,132,132,132,10,0
AMC,5,20201014,094500,132,132,132,132,25,0
AMC,5,20201014,100500,132.8,132.8,132.2,132.6,76,0
AMC,5,20201014,101000,133,133,133,133,50,0
AMC,5,20201014,104000,132.4,132.4,131,131,393,0
AMC,5,20201014,104500,131,131,131,131,29,0
AMC,5,20201014,105000,130.6,130.6,128.8,129,997,0
AMC,5,20201014,105500,130,131,130,131,3,0
AMC,5,20201014,110500,130.6,130.6,130.6,130.6,15,0
AMC,5,20201014,111500,130.6,130.6,130.6,130.6,15,0
AMC,5,20201014,112000,130.6,130.6,130.6,130.6,6,0
AMC,5,20201014,112500,129.2,129.2,129.2,129.2,5,0
AMC,5,20201014,113500,130.6,130.6,130.6,130.6,8,0
AMC,5,20201014,114500,130.2,130.2,130.2,130.2,20,0
AMC,5,20201014,120500,129.6,129.6,129.6,129.6,5,0
AMC,5,20201014,121000,129.2,129.2,129.2,129.2,17,0
AMC,5,20201014,121500,129.4,129.4,129,129.2,75,0
AMC,5,20201014,122000,129.2,129.2,128.8,129,80,0
AMC,5,20201014,122500,129,129,129,129,10,0
AMC,5,20201014,123000,128.8,128.8,128.6,128.6,225,0
AMC,5,20201014,123500,128.4,128.4,127.4,127.6,169,0
AMC,5,20201014,124000,127.6,127.6,127.6,127.6,20,0
AMC,5,20201014,124500,127.6,128.8,127.4,128.8,102,0
AMC,5,20201014,125500,128.8,128.8,128.8,128.8,10,0
AMC,5,20201014,132500,128,128,128,128,83,0
AMC,5,20201014,133000,127.6,128.4,127.4,128.4,142,0
AMC,5,20201014,134500,127.8,127.8,127.4,127.4,35,0
AMC,5,20201014,135000,128,128.4,128,128.4,26,0
AMC,5,20201014,135500,128.6,128.6,128.6,128.6,10,0
AMC,5,20201014,140000,128.8,128.8,128.8,128.8,1,0
AMC,5,20201014,140500,128.8,128.8,128.8,128.8,10,0
AMC,5,20201014,142000,128.2,128.4,128,128,407,0
AMC,5,20201014,142500,127.8,127.8,127.6,127.6,37,0
AMC,5,20201014,144000,127.8,127.8,127.8,127.8,15,0
AMC,5,20201014,144500,127.8,127.8,127.8,127.8,53,0
AMC,5,20201014,145000,127.6,127.6,127.6,127.6,120,0
AMC,5,20201014,150000,127.8,127.8,127.8,127.8,43,0
AMC,5,20201014,151000,127.8,127.8,127.8,127.8,20,0
AMC,5,20201014,151500,127.8,127.8,127.8,127.8,4,0
AMC,5,20201014,152000,127.8,127.8,127.8,127.8,10,0
AMC,5,20201014,153500,127.8,127.8,127.8,127.8,30,0
AMC,5,20201014,154000,127.8,127.8,127.8,127.8,142,0
AMC,5,20201014,154500,127.8,127.8,127.8,127.8,17,0
AMC,5,20201014,160500,127.8,127.8,127.8,127.8,445,0
AMC,5,20201014,161000,128,128,128,128,23,0
AMC,5,20201014,161500,128.2,128.8,128.2,128.8,10,0
AMC,5,20201014,162000,129.4,130.4,129.4,130.4,265,0
AMC,5,20201014,162500,130,130,130,130,3,0
AMC,5,20201014,163000,130,130,130,130,148,0
AMC,5,20201014,163500,130,130,129,129,20,0
AMC,5,20201014,164000,129,129,129,129,10,0
AMC,5,20201014,164500,128.6,130.4,127.8,127.8,531,0
AMC,5,20201015,090000,127.6,127.6,127.6,127.6,224,0
AMC,5,20201015,090500,127.6,127.6,127.6,127.6,11,0
AMC,5,20201015,091000,127.8,128.6,127.6,128.6,65,0
AMC,5,20201015,091500,127,127,124.8,125.2,907,0
AMC,5,20201015,092000,125.8,125.8,125.8,125.8,16,0
AMC,5,20201015,092500,125.6,125.6,125.6,125.6,17,0
AMC,5,20201015,093500,125.6,125.6,124,124.2,155,0
AMC,5,20201015,094000,124.2,124.2,124,124,4,0
AMC,5,20201015,095000,125.4,125.4,125.4,125.4,11,0
AMC,5,20201015,100000,125,125,125,125,40,0
AMC,5,20201015,100500,124.8,124.8,124.4,124.4,43,0
AMC,5,20201015,101000,124.2,124.2,124.2,124.2,46,0
AMC,5,20201015,102000,124.2,124.6,124.2,124.6,54,0
AMC,5,20201015,102500,124.4,124.4,124.4,124.4,8,0
AMC,5,20201015,103000,124.6,125,124.4,124.4,22,0
AMC,5,20201015,103500,125.2,125.2,124.4,124.4,124,0
AMC,5,20201015,104000,124.8,125,124.2,124.2,980,0
AMC,5,20201015,104500,125,125,125,125,25,0
AMC,5,20201015,105500,125,125,124.4,124.4,8,0
AMC,5,20201015,110000,124.8,125,124.6,124.6,133,0
AMC,5,20201015,110500,124.2,124.2,124.2,124.2,188,0
AMC,5,20201015,111500,125,125,124.8,124.8,170,0
AMC,5,20201015,112500,124.4,124.4,124.4,124.4,20,0
AMC,5,20201015,113500,124.4,124.4,124.4,124.4,60,0
AMC,5,20201015,114500,125,125,125,125,10,0
AMC,5,20201015,115500,125.4,125.8,125.4,125.8,233,0
AMC,5,20201015,120500,125,125.6,125,125.6,18,0
AMC,5,20201015,121000,125.4,125.8,125.4,125.8,81,0
AMC,5,20201015,121500,125,125,125,125,90,0
AMC,5,20201015,123000,125.2,125.2,125.2,125.2,4,0
AMC,5,20201015,124000,125.2,125.2,125.2,125.2,10,0
AMC,5,20201015,131000,125.2,125.2,125.2,125.2,84,0
AMC,5,20201015,133000,126,126,126,126,35,0
AMC,5,20201015,134000,126.4,126.4,126,126,16,0
AMC,5,20201015,134500,126,126.4,126,126.4,26,0
AMC,5,20201015,141000,126.4,126.4,126.4,126.4,30,0
AMC,5,20201015,141500,126.2,126.2,126,126,32,0
AMC,5,20201015,142500,126,126,126,126,10,0
AMC,5,20201015,143000,125.4,125.4,125.4,125.4,10,0
AMC,5,20201015,143500,126.6,126.6,126.6,126.6,4,0
AMC,5,20201015,145000,126,126,126,126,10,0
AMC,5,20201015,152000,126.6,126.6,126.6,126.6,15,0
AMC,5,20201015,152500,126.2,126.2,126.2,126.2,7,0
AMC,5,20201015,153000,126.6,127.6,126.6,127.6,60,0
AMC,5,20201015,155000,128,128,128,128,17,0
AMC,5,20201015,155500,128,128,128,128,13,0
AMC,5,20201015,160000,127.2,127.2,127.2,127.2,7,0
AMC,5,20201015,160500,128.6,129.2,128.6,129.2,9,0
AMC,5,20201015,161000,129.2,129.2,129.2,129.2,60,0
AMC,5,20201015,162000,129,129,129,129,20,0
AMC,5,20201015,163000,129,129,128.6,129,138,0
AMC,5,20201015,163500,129,129,128.6,128.6,35,0
AMC,5,20201015,164500,129.4,129.4,129,129,344,0
AMC,5,20201016,090000,128.4,129,128.4,129,449,0
AMC,5,20201016,091000,128.6,128.6,128.6,128.6,277,0
AMC,5,20201016,091500,128.6,129,128.6,129,41,0
AMC,5,20201016,092000,129.4,129.4,129.4,129.4,5,0
AMC,5,20201016,092500,129.4,129.4,129.4,129.4,5,0
AMC,5,20201016,093000,129.6,129.6,129.6,129.6,30,0
AMC,5,20201016,093500,130.6,130.6,130.6,130.6,23,0
AMC,5,20201016,094000,130,130,130,130,40,0
AMC,5,20201016,095000,130.4,130.4,130.4,130.4,10,0
AMC,5,20201016,095500,130,130.4,130,130.4,10,0
AMC,5,20201016,100000,130.4,130.4,130.4,130.4,138,0
AMC,5,20201016,100500,130.4,130.4,130.4,130.4,33,0
AMC,5,20201016,101000,130.2,130.2,130.2,130.2,10,0
AMC,5,20201016,101500,130.2,130.2,130.2,130.2,10,0
AMC,5,20201016,102000,130.4,130.4,130.4,130.4,10,0
AMC,5,20201016,102500,130.4,130.4,130.4,130.4,10,0
AMC,5,20201016,103000,130.4,130.4,130.4,130.4,10,0
AMC,5,20201016,103500,130.4,130.4,130.4,130.4,38,0
AMC,5,20201016,104000,130.4,130.4,129.6,129.6,35,0
AMC,5,20201016,104500,130.4,130.4,130.4,130.4,4,0
AMC,5,20201016,105000,130.4,130.4,130.4,130.4,10,0
AMC,5,20201016,105500,130.2,130.2,130.2,130.2,10,0
AMC,5,20201016,110000,129.4,129.4,129.4,129.4,7,0
AMC,5,20201016,110500,130,130,130,130,10,0
AMC,5,20201016,111000,130.2,132,130.2,131,948,0
AMC,5,20201016,111500,131.2,131.2,131.2,131.2,10,0
AMC,5,20201016,112000,131.2,131.2,131.2,131.2,10,0
AMC,5,20201016,112500,132,133,132,133,10,0
AMC,5,20201016,113000,132.4,132.4,131.8,132,47,0
AMC,5,20201016,113500,133,133,133,133,10,0
AMC,5,20201016,114000,133,133,133,133,10,0
AMC,5,20201016,114500,132.8,132.8,131.2,131.2,21,0
AMC,5,20201016,115000,132.2,132.2,132.2,132.2,15,0
AMC,5,20201016,115500,132,132,132,132,10,0
AMC,5,20201016,120000,132,132.8,132,132.8,10,0
AMC,5,20201016,120500,132.6,132.6,132.6,132.6,33,0
AMC,5,20201016,121000,132.8,132.8,132.8,132.8,10,0
AMC,5,20201016,121500,132.8,133,132.8,133,10,0
AMC,5,20201016,122000,133,133,132.8,132.8,13,0
AMC,5,20201016,122500,132.8,133,132.8,133,279,0
AMC,5,20201016,123500,133,133.2,133,133.2,48,0
AMC,5,20201016,124000,133.2,133.2,133,133,119,0
AMC,5,20201016,125000,133.2,133.2,133.2,133.2,90,0
AMC,5,20201016,125500,131.2,131.2,131.2,131.2,56,0
AMC,5,20201016,130000,132.8,132.8,132.8,132.8,10,0
AMC,5,20201016,130500,133,133,133,133,10,0
AMC,5,20201016,131000,133,133,133,133,10,0
AMC,5,20201016,131500,133,133,133,133,10,0
AMC,5,20201016,132000,132.6,132.8,132.6,132.8,18,0
AMC,5,20201016,132500,132.6,132.6,132.6,132.6,17,0
AMC,5,20201016,133000,132.8,132.8,132.8,132.8,5,0
AMC,5,20201016,133500,132.8,133,132.8,133,10,0
AMC,5,20201016,134000,133,133,133,133,10,0
AMC,5,20201016,135000,133,133,133,133,10,0
AMC,5,20201016,135500,133,133,133,133,90,0
AMC,5,20201016,140000,133,133,133,133,10,0
AMC,5,20201016,140500,133,133,133,133,10,0
AMC,5,20201016,141500,133,133,132.8,132.8,13,0
AMC,5,20201016,142000,133,133.2,133,133.2,373,0
AMC,5,20201016,142500,133.2,133.6,132,132,85,0
AMC,5,20201016,144000,133.6,133.6,132.2,132.2,20,0
AMC,5,20201016,144500,133.6,133.6,133.6,133.6,10,0
AMC,5,20201016,145000,132.4,132.4,132.4,132.4,10,0
AMC,5,20201016,145500,132.4,132.4,132.4,132.4,7,0
AMC,5,20201016,150000,133.6,133.6,133.6,133.6,10,0
AMC,5,20201016,150500,133.6,133.8,132.2,132.2,151,0
AMC,5,20201016,151000,133.8,133.8,133.8,133.8,10,0
AMC,5,20201016,151500,133.6,133.6,133.6,133.6,10,0
AMC,5,20201016,152500,133.6,133.6,133.6,133.6,10,0
AMC,5,20201016,153000,133.8,133.8,133.8,133.8,10,0
AMC,5,20201016,153500,133.8,133.8,133.8,133.8,10,0
AMC,5,20201016,154000,133.8,133.8,133.8,133.8,10,0
AMC,5,20201016,155000,133.8,133.8,133.8,133.8,10,0
AMC,5,20201016,155500,133.8,135,133.8,135,174,0
AMC,5,20201016,160000,134.2,134.2,133.8,133.8,81,0
AMC,5,20201016,160500,134.8,136,134.8,136,80,0
AMC,5,20201016,161000,136,136,136,136,10,0
AMC,5,20201016,161500,136,136.2,136,136.2,37,0
AMC,5,20201016,162000,136.8,136.8,136.8,136.8,10,0
AMC,5,20201016,162500,137.2,137.2,137.2,137.2,10,0
AMC,5,20201016,163000,137.2,137.2,137.2,137.2,5,0
AMC,5,20201016,163500,137,137,137,137,18,0
AMC,5,20201016,164000,137,137,137,137,70,0
AMC,5,20201016,164500,136.8,137,136.8,136.8,97,0
AMC,5,20201019,090000,137.4,137.4,137,137.4,52,0
AMC,5,20201019,090500,137.4,137.4,137.4,137.4,20,0
AMC,5,20201019,091000,137.8,138,137.8,138,51,0
AMC,5,20201019,091500,138,138,138,138,16,0
AMC,5,20201019,092500,138,138,138,138,30,0
AMC,5,20201019,094500,137.8,137.8,137.8,137.8,95,0
AMC,5,20201019,095000,137,137,136.8,136.8,36,0
AMC,5,20201019,100000,137.6,137.6,137.6,137.6,5,0
AMC,5,20201019,100500,136.8,136.8,136.8,136.8,7,0
AMC,5,20201019,101500,137,137.4,137,137.4,9,0
AMC,5,20201019,102500,137.4,137.4,137.4,137.4,6,0
AMC,5,20201019,104000,136.2,136.2,135.6,135.6,70,0
AMC,5,20201019,105000,137.2,137.2,136,136,27,0
AMC,5,20201019,105500,137.2,137.4,137.2,137.4,20,0
AMC,5,20201019,110000,137.2,137.2,137.2,137.2,20,0
AMC,5,20201019,110500,137.2,137.2,137.2,137.2,15,0
AMC,5,20201019,111500,137.4,137.4,137.4,137.4,82,0
AMC,5,20201019,112000,137.6,137.6,137.6,137.6,15,0
AMC,5,20201019,112500,137.6,137.6,137.6,137.6,34,0
AMC,5,20201019,113000,137.4,137.4,137.4,137.4,20,0
AMC,5,20201019,113500,137.4,137.4,137.4,137.4,20,0
AMC,5,20201019,114500,137.6,137.8,137.6,137.8,20,0
AMC,5,20201019,115000,137.8,137.8,137.8,137.8,20,0
AMC,5,20201019,115500,137.6,137.8,137.6,137.8,20,0
AMC,5,20201019,120000,137.4,137.4,137.2,137.2,59,0
AMC,5,20201019,120500,137.8,137.8,137.6,137.6,31,0
AMC,5,20201019,121000,137,137,137,137,33,0
AMC,5,20201019,121500,136.4,136.4,136.4,136.4,15,0
AMC,5,20201019,122000,136.4,136.4,136.4,136.4,14,0
AMC,5,20201019,122500,136.8,136.8,136.4,136.4,54,0
AMC,5,20201019,123000,137.4,137.4,137.4,137.4,20,0
AMC,5,20201019,123500,137.4,137.4,137.4,137.4,20,0
AMC,5,20201019,124500,137,137.8,137,137.8,20,0
AMC,5,20201019,125000,137.6,138,137.6,138,480,0
AMC,5,20201019,125500,139,139,139,139,34,0
AMC,5,20201019,130000,139,139,139,139,25,0
AMC,5,20201019,130500,139,139.4,139,139.4,20,0
AMC,5,20201019,131500,139,139,139,139,15,0
AMC,5,20201019,132000,139,139,139,139,20,0
AMC,5,20201019,132500,139,139,138.4,138.4,86,0
AMC,5,20201019,133000,138.8,138.8,138.8,138.8,20,0
AMC,5,20201019,133500,138.8,138.8,138.8,138.8,62,0
AMC,5,20201019,134000,138.8,139,138.8,139,24,0
AMC,5,20201019,135000,139,139,139,139,15,0
AMC,5,20201019,135500,139,139,139,139,20,0
AMC,5,20201019,140000,139,139.4,139,139.4,20,0
AMC,5,20201019,140500,139.4,139.4,139.4,139.4,50,0
AMC,5,20201019,141000,139,139.6,139,139.6,20,0
AMC,5,20201019,142000,139.6,140,139.6,140,23,0
AMC,5,20201019,142500,140,140,140,140,20,0
AMC,5,20201019,143000,140,140,140,140,20,0
AMC,5,20201019,143500,139.8,139.8,139.8,139.8,15,0
AMC,5,20201019,144000,139.8,140,139.8,140,36,0
AMC,5,20201019,144500,139.8,139.8,139.8,139.8,41,0
AMC,5,20201019,145000,140,140,140,140,15,0
AMC,5,20201019,145500,140,140,140,140,20,0
AMC,5,20201019,150000,140,140,140,140,20,0
AMC,5,20201019,150500,140,140,140,140,20,0
AMC,5,20201019,151000,140,140,140,140,30,0
AMC,5,20201019,152000,140,140.8,140,140.8,20,0
AMC,5,20201019,152500,140.8,141,140.8,141,20,0
AMC,5,20201019,153000,141,141,141,141,68,0
AMC,5,20201019,153500,143,143,142.8,142.8,44,0
AMC,5,20201019,155500,142.8,142.8,142.8,142.8,121,0
AMC,5,20201019,160000,142.8,142.8,142.8,142.8,93,0
AMC,5,20201019,161000,141.2,141.2,141,141,80,0
AMC,5,20201019,162000,141,141,141,141,30,0
AMC,5,20201019,162500,141,141,141,141,200,0
AMC,5,20201019,163500,141,141,141,141,106,0
AMC,5,20201019,164500,141,141,141,141,11,0
AMC,5,20201020,090000,141,141,141,141,18,0
AMC,5,20201020,091000,141.4,141.4,141,141,47,0
AMC,5,20201020,093500,141,141,141,141,17,0
AMC,5,20201020,100000,141,141,141,141,1,0
AMC,5,20201020,101500,141,141,141,141,7,0
AMC,5,20201020,104500,141.2,141.2,141.2,141.2,3,0
AMC,5,20201020,110000,141,141,141,141,27,0
AMC,5,20201020,111500,141,141,141,141,81,0
AMC,5,20201020,132500,141.2,141.2,141,141,20,0
AMC,5,20201020,141000,141,141,141,141,10,0
AMC,5,20201020,142500,141,141,141,141,733,0
AMC,5,20201020,143000,141,141,140,140,3500,0
AMC,5,20201020,144000,140,140,140,140,9,0
AMC,5,20201020,144500,140.6,140.8,140.6,140.8,50,0
AMC,5,20201020,145000,141.2,141.2,141.2,141.2,198,0
AMC,5,20201020,145500,141.4,141.4,141.4,141.4,64,0
AMC,5,20201020,153000,141.2,141.2,141.2,141.2,129,0
AMC,5,20201020,153500,141.4,143,141.4,142.2,735,0
AMC,5,20201020,160000,143,143,143,143,44,0
AMC,5,20201020,161000,143,143,143,143,51,0
AMC,5,20201020,161500,143.2,143.2,143.2,143.2,7,0
AMC,5,20201020,163000,142.2,142.2,142.2,142.2,29,0
AMC,5,20201020,163500,142.2,142.2,142.2,142.2,10,0
AMC,5,20201020,164500,143.2,143.2,142.2,143.2,26,0
AMC,5,20201021,090000,144,144,144,144,22,0
AMC,5,20201021,090500,144,144,144,144,23,0
AMC,5,20201021,091000,144,144,143.4,143.4,40,0
AMC,5,20201021,091500,145,145.6,145,145,159,0
AMC,5,20201021,093000,145,145,145,145,16,0
AMC,5,20201021,093500,145,145.2,145,145.2,36,0
AMC,5,20201021,094000,145.2,145.4,145.2,145.4,42,0
AMC,5,20201021,095000,145.4,145.4,145.4,145.4,6,0
AMC,5,20201021,095500,145.4,145.4,145.4,145.4,4,0
AMC,5,20201021,100500,145.4,145.4,145.4,145.4,5,0
AMC,5,20201021,101500,145.4,145.4,145.4,145.4,4,0
AMC,5,20201021,103000,145.2,145.4,145,145.4,11,0
AMC,5,20201021,103500,145.4,145.6,145.4,145.6,11,0
AMC,5,20201021,104000,145.4,145.6,145.4,145.4,174,0
AMC,5,20201021,105500,145,145.4,145,145.4,133,0
AMC,5,20201021,110000,145,145.4,145,145.4,68,0
AMC,5,20201021,110500,145,145.4,145,145.4,104,0
AMC,5,20201021,111500,145.4,145.4,145,145,65,0
AMC,5,20201021,112000,145,145.4,145,145.4,113,0
AMC,5,20201021,120000,145.4,145.4,145,145.4,52,0
AMC,5,20201021,120500,145,145.4,145,145.4,237,0
AMC,5,20201021,122000,145.4,145.4,145.4,145.4,31,0
AMC,5,20201021,122500,145.4,145.4,145.4,145.4,20,0
AMC,5,20201021,124500,145,145.4,145,145.4,239,0
AMC,5,20201021,125000,145,145,145,145,6,0
AMC,5,20201021,130500,145,145,145,145,66,0
AMC,5,20201021,132000,144,145,144,145,84,0
AMC,5,20201021,132500,144,144,144,144,2,0
AMC,5,20201021,133500,145,145.4,145,145.4,155,0
AMC,5,20201021,134000,144.2,144.2,144.2,144.2,20,0
AMC,5,20201021,134500,144.2,144.2,144.2,144.2,2,0
AMC,5,20201021,135000,144.8,144.8,144.8,144.8,16792,0
AMC,5,20201021,135500,144.6,144.6,144.6,144.6,20,0
AMC,5,20201021,140000,144.2,144.2,144.2,144.2,8,0
AMC,5,20201021,140500,143.4,143.4,143.4,143.4,7,0
AMC,5,20201021,141000,144.2,144.2,144.2,144.2,210,0
AMC,5,20201021,141500,144.6,144.6,144.6,144.6,14,0
AMC,5,20201021,143000,144.6,144.8,144.6,144.8,3908,0
AMC,5,20201021,144000,145,145,145,145,50,0
AMC,5,20201021,145000,144.8,144.8,144.8,144.8,1,0
AMC,5,20201021,145500,144.8,144.8,144.8,144.8,10,0
AMC,5,20201021,150000,144.8,144.8,144.8,144.8,2,0
AMC,5,20201021,150500,145,145,145,145,50,0
AMC,5,20201021,152000,144.8,144.8,144.8,144.8,31,0
AMC,5,20201021,152500,144.8,144.8,144.8,144.8,89,0
AMC,5,20201021,161000,145,145,145,145,20,0
AMC,5,20201021,163000,145,145,145,145,11,0
AMC,5,20201021,164500,145.2,145.4,145.2,145.4,17,0
AMC,5,20201022,090000,145.4,145.4,145.4,145.4,40,0
AMC,5,20201022,091000,145.4,145.4,145.4,145.4,22,0
AMC,5,20201022,092000,145.4,145.4,145.4,145.4,10,0
AMC,5,20201022,092500,145,145,145,145,40,0
AMC,5,20201022,094500,144,144,144,144,237,0
AMC,5,20201022,101000,144,144,144,144,125,0
AMC,5,20201022,101500,143.6,143.6,143.6,143.6,5,0
AMC,5,20201022,102000,143.6,143.6,143.2,143.2,98,0
AMC,5,20201022,102500,142.2,142.2,140.2,140.2,407,0
AMC,5,20201022,103000,140.6,140.6,140.2,140.2,86,0
AMC,5,20201022,104000,140,140.6,140,140.6,30,0
AMC,5,20201022,104500,140.6,140.6,140.6,140.6,34,0
AMC,5,20201022,105000,141,141.2,141,141.2,119,0
AMC,5,20201022,110500,141.2,141.2,141.2,141.2,90,0
AMC,5,20201022,113000,142,142,142,142,50,0
AMC,5,20201022,113500,142,142,142,142,49,0
AMC,5,20201022,115500,141.8,141.8,141.8,141.8,8,0
AMC,5,20201022,120000,141.2,141.2,141,141,120,0
AMC,5,20201022,121000,141.6,141.6,141.6,141.6,50,0
AMC,5,20201022,121500,141,141,141,141,52,0
AMC,5,20201022,122000,141,141,141,141,27,0
AMC,5,20201022,123500,141.6,143.2,141.6,142,85,0
AMC,5,20201022,124500,142.6,142.6,142.6,142.6,23,0
AMC,5,20201022,125000,143,143.6,143,143.6,50,0
AMC,5,20201022,130500,143,143.6,141.2,143.6,184,0
AMC,5,20201022,132000,143,143,143,143,49,0
AMC,5,20201022,133500,143,143,143,143,13,0
AMC,5,20201022,140000,141.8,142,141.8,142,443,0
AMC,5,20201022,140500,143,143,143,143,46,0
AMC,5,20201022,143500,143,143,143,143,4,0
AMC,5,20201022,145000,142.6,142.6,142.6,142.6,8,0
AMC,5,20201022,150000,143,143,143,143,3,0
AMC,5,20201022,151000,142.6,142.6,142.6,142.6,8,0
AMC,5,20201022,151500,143,143,143,143,16,0
AMC,5,20201022,153000,142.8,142.8,142.8,142.8,10,0
AMC,5,20201022,153500,142.8,144.8,142.8,144.8,20674,0
AMC,5,20201022,160000,144.8,145,144.8,145,11,0
AMC,5,20201022,162500,145,145,143,143,140,0
AMC,5,20201022,163500,144,144.4,143.2,143.2,59,0
AMC,5,20201022,164000,143.2,143.2,143.2,143.2,120,0
AMC,5,20201022,164500,144,144,143.4,143.4,159,0
AMC,5,20201023,090000,142,142,142,142,40,0
AMC,5,20201023,091000,142,142,142,142,7,0
AMC,5,20201023,093000,143,143,141,141,80,0
AMC,5,20201023,094000,141,141,141,141,20,0
AMC,5,20201023,095500,141.2,141.2,140,140,149,0
AMC,5,20201023,100000,140.2,140.2,140.2,140.2,14,0
AMC,5,20201023,100500,140,140,140,140,35,0
AMC,5,20201023,102000,142.4,143,142,142.6,601,0
AMC,5,20201023,104500,143.4,143.4,143.4,143.4,110,0
AMC,5,20201023,111500,144,144,144,144,60,0
AMC,5,20201023,115000,144.2,144.2,144.2,144.2,19,0
AMC,5,20201023,121500,144.2,144.2,144.2,144.2,7,0
AMC,5,20201023,123000,144,144,144,144,15,0
AMC,5,20201023,130500,144,144,144,144,10,0
AMC,5,20201023,134500,144.6,144.6,144.6,144.6,7,0
AMC,5,20201023,135000,144.6,144.6,144.4,144.6,58,0
AMC,5,20201023,135500,144.6,144.6,144.6,144.6,22,0
AMC,5,20201023,142000,144.4,144.4,144.4,144.4,18,0
AMC,5,20201023,142500,144,144,144,144,14,0
AMC,5,20201023,143000,144,144,144,144,80,0
AMC,5,20201023,144000,144,144,144,144,20,0
AMC,5,20201023,145000,144,144,144,144,19,0
AMC,5,20201023,150500,144,144,144,144,31,0
AMC,5,20201023,151000,144,144,144,144,24,0
AMC,5,20201023,153000,144,144,144,144,1,0
AMC,5,20201023,153500,144,144,144,144,255,0
AMC,5,20201023,155000,143.2,143.2,143,143,57,0
AMC,5,20201023,160000,143,143,143,143,16,0
AMC,5,20201023,160500,144,144,144,144,28,0
AMC,5,20201023,161500,144.2,144.2,144.2,144.2,13,0
AMC,5,20201023,164500,144.2,144.6,144.2,144.6,18,0
AMC,5,20201026,090000,145,145,145,145,68,0
AMC,5,20201026,090500,144.8,144.8,144.6,144.6,61,0
AMC,5,20201026,092500,144.6,144.6,144.6,144.6,10,0
AMC,5,20201026,093000,144.6,144.6,144.6,144.6,1,0
AMC,5,20201026,094500,145,145,145,145,119,0
AMC,5,20201026,101000,144.6,144.8,144.6,144.8,130,0
AMC,5,20201026,102000,144.6,144.6,144.6,144.6,8,0
AMC,5,20201026,102500,144.8,144.8,144.8,144.8,24,0
AMC,5,20201026,103000,145.4,145.4,145.4,145.4,8,0
AMC,5,20201026,104500,145.8,145.8,145.8,145.8,5,0
AMC,5,20201026,110000,145.8,145.8,145.8,145.8,49,0
AMC,5,20201026,111000,145.8,145.8,145.8,145.8,6,0
AMC,5,20201026,111500,145.8,145.8,145.8,145.8,20,0
AMC,5,20201026,112000,146,146,146,146,197,0
AMC,5,20201026,112500,145.8,145.8,144.6,144.6,74,0
AMC,5,20201026,113000,144.2,144.2,144,144,36,0
AMC,5,20201026,114000,144,144,144,144,80,0
AMC,5,20201026,115000,145,145,145,145,29,0
AMC,5,20201026,142000,144,144,144,144,5,0
AMC,5,20201026,142500,144.6,144.6,144.6,144.6,34,0
AMC,5,20201026,143000,144.6,144.6,144.6,144.6,3,0
AMC,5,20201026,145000,144,144,144,144,1,0
AMC,5,20201026,150000,144,144,144,144,90,0
AMC,5,20201026,152000,144,144,144,144,91,0
AMC,5,20201026,154000,144.4,144.4,144.4,144.4,68,0
AMC,5,20201026,160000,143.4,143.4,143.4,143.4,2,0
AMC,5,20201026,160500,144.4,144.4,144.4,144.4,23,0
AMC,5,20201026,161500,143.2,144.6,143.2,144.6,35,0
AMC,5,20201026,162500,144.6,144.6,144.6,144.6,43,0
AMC,5,20201026,164500,144.8,145,144.8,145,54,0
AMC,5,20201027,090000,145,145,145,145,15,0
AMC,5,20201027,092000,145,145,145,145,7,0
AMC,5,20201027,093000,145,145,145,145,12,0
AMC,5,20201027,100000,144.6,144.6,144.6,144.6,4,0
AMC,5,20201027,103000,144.6,144.6,144.6,144.6,42,0
AMC,5,20201027,103500,143.2,143.2,143.2,143.2,10,0
AMC,5,20201027,112000,143.2,143.2,143,143,17,0
AMC,5,20201027,115000,144,145,144,145,240,0
AMC,5,20201027,115500,145,145,145,145,10,0
AMC,5,20201027,120500,145,145,143.2,143.2,300,0
AMC,5,20201027,132500,143.2,143.4,143.2,143.4,50,0
AMC,5,20201027,134000,143.8,143.8,143.4,143.6,190,0
AMC,5,20201027,135500,143.6,144,143.6,144,30,0
AMC,5,20201027,140000,143.8,143.8,143.8,143.8,10,0
AMC,5,20201027,140500,143.8,143.8,143.8,143.8,8,0
AMC,5,20201027,141000,143.8,143.8,143.8,143.8,6,0
AMC,5,20201027,142000,143.8,143.8,143.8,143.8,10,0
AMC,5,20201027,142500,143.6,143.6,143.6,143.6,10,0
AMC,5,20201027,151000,143.6,143.6,143.6,143.6,24,0
AMC,5,20201027,153000,143.6,143.6,143.6,143.6,2,0
AMC,5,20201027,153500,143.6,143.6,143.6,143.6,7,0
AMC,5,20201027,161000,144.6,144.8,144.6,144.8,35,0
AMC,5,20201027,163000,144,144,144,144,20,0
AMC,5,20201027,163500,144.6,144.6,144.6,144.6,18,0
AMC,5,20201027,164500,144.6,144.8,144.6,144.8,112,0
